[26Sep2025 01:57:44.493] [main/INFO] [cpw.mods.modlauncher.Launcher/MODLAUNCHER]: ModLauncher running: args [--launchTarget, forgeserver, --fml.forgeVersion, 47.4.0, --fml.mcVersion, 1.20.1, --fml.forgeGroup, net.minecraftforge, --fml.mcpVersion, 20230612.114412, nogui]
[26Sep2025 01:57:44.496] [main/INFO] [cpw.mods.modlauncher.Launcher/MODLAUNCHER]: ModLauncher 10.0.9+10.0.9+main.dcd20f30 starting: java version 17.0.16 by Ubuntu; OS Linux arch amd64 version 6.8.0-1030-azure
[26Sep2025 01:57:45.437] [main/INFO] [net.minecraftforge.fml.loading.ImmediateWindowHandler/]: ImmediateWindowProvider not loading because launch target is forgeserver
[26Sep2025 01:57:45.486] [main/INFO] [mixin/]: SpongePowered MIXIN Subsystem Version=0.8.5 Source=union:/workspaces/SERVER/servidor_minecraft/libraries/org/spongepowered/mixin/0.8.5/mixin-0.8.5.jar%2365!/ Service=ModLauncher Env=SERVER
[26Sep2025 01:57:45.794] [main/WARN] [net.minecraftforge.fml.loading.moddiscovery.ModDiscoverer/SCAN]: Locator {mods folder locator at /workspaces/SERVER/servidor_minecraft/mods} returned 1 files which are client-side-only mods, but we're on a dedicated server. They will be skipped!
[26Sep2025 01:57:45.871] [main/WARN] [net.minecraftforge.fml.loading.moddiscovery.ModFileParser/LOADING]: Mod file /workspaces/SERVER/servidor_minecraft/libraries/net/minecraftforge/fmlcore/1.20.1-47.4.0/fmlcore-1.20.1-47.4.0.jar is missing mods.toml file
[26Sep2025 01:57:45.872] [main/WARN] [net.minecraftforge.fml.loading.moddiscovery.ModFileParser/LOADING]: Mod file /workspaces/SERVER/servidor_minecraft/libraries/net/minecraftforge/javafmllanguage/1.20.1-47.4.0/javafmllanguage-1.20.1-47.4.0.jar is missing mods.toml file
[26Sep2025 01:57:45.872] [main/WARN] [net.minecraftforge.fml.loading.moddiscovery.ModFileParser/LOADING]: Mod file /workspaces/SERVER/servidor_minecraft/libraries/net/minecraftforge/lowcodelanguage/1.20.1-47.4.0/lowcodelanguage-1.20.1-47.4.0.jar is missing mods.toml file
[26Sep2025 01:57:45.873] [main/WARN] [net.minecraftforge.fml.loading.moddiscovery.ModFileParser/LOADING]: Mod file /workspaces/SERVER/servidor_minecraft/libraries/net/minecraftforge/mclanguage/1.20.1-47.4.0/mclanguage-1.20.1-47.4.0.jar is missing mods.toml file
[26Sep2025 01:57:46.441] [main/INFO] [net.minecraftforge.fml.loading.moddiscovery.JarInJarDependencyLocator/]: Found 58 dependencies adding them to mods collection
[26Sep2025 01:57:51.504] [main/INFO] [mixin/]: Compatibility level set to JAVA_17
[26Sep2025 01:57:51.537] [main/ERROR] [mixin/]: Mixin config fabric-item-api-v1.client.mixins.json does not specify "minVersion" property
[26Sep2025 01:57:51.591] [main/ERROR] [mixin/]: Mixin config fabric-data-attachment-api-v1.mixins.json does not specify "minVersion" property
[26Sep2025 01:57:51.593] [main/ERROR] [mixin/]: Mixin config fabric-data-attachment-api-v1.client.mixins.json does not specify "minVersion" property
[26Sep2025 01:57:51.712] [main/ERROR] [mixin/]: Mixin config celestisynth.mixins.json does not specify "minVersion" property
[26Sep2025 01:57:51.894] [main/ERROR] [mixin/]: Mixin config fabric-item-group-api-v1.mixins.json does not specify "minVersion" property
[26Sep2025 01:57:51.896] [main/ERROR] [mixin/]: Mixin config fabric-item-group-api-v1.client.mixins.json does not specify "minVersion" property
[26Sep2025 01:57:51.959] [main/INFO] [net.fabricmc.loader.impl.bootstrap.FabricLoaderBootstrap/]: Propagating FML mod list to Fabric Loader
[26Sep2025 01:57:51.973] [main/INFO] [cpw.mods.modlauncher.LaunchServiceHandler/MODLAUNCHER]: Launching target 'forgeserver' with arguments [nogui]
[26Sep2025 01:57:52.151] [main/INFO] [ModernFix/]: Loaded configuration file for ModernFix 5.23.0+mc1.20.1: 95 options available, 0 override(s) found
[26Sep2025 01:57:52.152] [main/INFO] [ModernFix/]: Applying Nashorn fix
[26Sep2025 01:57:52.179] [main/INFO] [ModernFix/]: Applied Forge config corruption patch
[26Sep2025 01:57:52.326] [main/INFO] [Embeddium/]: Loaded configuration file for Embeddium: 201 options available, 0 override(s) found
[26Sep2025 01:57:52.456] [main/INFO] [Radium Config/]: Loaded configuration file for Radium: 125 options available, 1 override(s) found
[26Sep2025 01:57:52.471] [main/WARN] [mixin/]: Reference map 'limitedchunks.refmap.json' for limitedchunks.mixins.json could not be read. If this is a development environment you can ignore this message
[26Sep2025 01:57:52.511] [main/WARN] [mixin/]: Reference map 'mixins.sons_of_sins.refmap.json' for mixins.sons_of_sins.json could not be read. If this is a development environment you can ignore this message
[26Sep2025 01:57:52.519] [main/WARN] [mixin/]: Reference map 'simplyswords-forge-refmap.json' for simplyswords.mixins.json could not be read. If this is a development environment you can ignore this message
[26Sep2025 01:57:52.582] [main/WARN] [mixin/]: Reference map 'fastpaintings-forge-refmap.json' for fastpaintings-forge.mixins.json could not be read. If this is a development environment you can ignore this message
[26Sep2025 01:57:52.668] [main/WARN] [mixin/]: Reference map 'Aquamirae.refmap.json' for aquamirae.mixins.json could not be read. If this is a development environment you can ignore this message
[26Sep2025 01:57:53.342] [main/INFO] [com.cupboard.Cupboard/]: Loaded config for: recipeessentials.json
[26Sep2025 01:57:53.385] [main/INFO] [net.minecraftforge.coremod.CoreMod.placebo/COREMODLOG]: Patching IForgeItemStack#getEnchantmentLevel
[26Sep2025 01:57:53.397] [main/INFO] [net.minecraftforge.coremod.CoreMod.placebo/COREMODLOG]: Patching IForgeItemStack#getEnchantmentLevel
[26Sep2025 01:57:53.422] [main/INFO] [com.cupboard.Cupboard/]: Loaded config for: structureessentials.json
[26Sep2025 01:57:53.987] [main/ERROR] [net.minecraftforge.fml.loading.RuntimeDistCleaner/DISTXFORM]: Attempted to load class net/minecraft/client/gui/screens/Screen for invalid dist DEDICATED_SERVER
[26Sep2025 01:57:53.988] [main/WARN] [mixin/]: Error loading class: net/minecraft/client/gui/screens/Screen (java.lang.RuntimeException: Attempted to load class net/minecraft/client/gui/screens/Screen for invalid dist DEDICATED_SERVER)
[26Sep2025 01:57:53.988] [main/WARN] [mixin/]: @Mixin target net.minecraft.client.gui.screens.Screen was not found relics.mixins.json:ScreenMixin
[26Sep2025 01:57:53.996] [main/ERROR] [net.minecraftforge.fml.loading.RuntimeDistCleaner/DISTXFORM]: Attempted to load class net/minecraft/client/MouseHandler for invalid dist DEDICATED_SERVER
[26Sep2025 01:57:53.997] [main/WARN] [mixin/]: Error loading class: net/minecraft/client/MouseHandler (java.lang.RuntimeException: Attempted to load class net/minecraft/client/MouseHandler for invalid dist DEDICATED_SERVER)
[26Sep2025 01:57:53.997] [main/WARN] [mixin/]: @Mixin target net.minecraft.client.MouseHandler was not found fabric-screen-api-v1.mixins.json:MouseMixin
[26Sep2025 01:57:53.998] [main/ERROR] [net.minecraftforge.fml.loading.RuntimeDistCleaner/DISTXFORM]: Attempted to load class net/minecraft/client/gui/screens/Screen for invalid dist DEDICATED_SERVER
[26Sep2025 01:57:53.999] [main/WARN] [mixin/]: Error loading class: net/minecraft/client/gui/screens/Screen (java.lang.RuntimeException: Attempted to load class net/minecraft/client/gui/screens/Screen for invalid dist DEDICATED_SERVER)
[26Sep2025 01:57:53.999] [main/WARN] [mixin/]: @Mixin target net.minecraft.client.gui.screens.Screen was not found fabric-screen-api-v1.mixins.json:ScreenAccessor
[26Sep2025 01:57:54.340] [main/WARN] [mixin/]: Error loading class: net/minecraft/client/renderer/entity/PhantomRenderer (java.lang.ClassNotFoundException: net.minecraft.client.renderer.entity.PhantomRenderer)
[26Sep2025 01:57:54.340] [main/WARN] [mixin/]: @Mixin target net.minecraft.client.renderer.entity.PhantomRenderer was not found mixins.deeperdarker.json:PhantomRendererMixin
[26Sep2025 01:57:54.475] [main/WARN] [Radium Config/]: Force-disabling mixin 'alloc.blockstate.StateMixin' as option 'mixin.alloc.blockstate' (added by mods [ferritecore]) disables it and children
[26Sep2025 01:57:54.701] [main/INFO] [dev.uncandango.alltheleaks.AllTheLeaks/]: Skipping issue ItemStackCreationStatistics from mod jei as it's dev only!
[26Sep2025 01:57:54.701] [main/INFO] [dev.uncandango.alltheleaks.AllTheLeaks/]: Class dev.uncandango.alltheleaks.leaks.common.mods.travelersbackpack.UntrackedIssue002 will NOT be loaded as mod travelersbackpack is not present
[26Sep2025 01:57:54.702] [main/INFO] [dev.uncandango.alltheleaks.AllTheLeaks/]: Class dev.uncandango.alltheleaks.leaks.common.mods.travelersbackpack.UntrackedIssue001 will NOT be loaded as mod travelersbackpack is not present
[26Sep2025 01:57:54.702] [main/INFO] [dev.uncandango.alltheleaks.AllTheLeaks/]: Class dev.uncandango.alltheleaks.leaks.common.mods.toolbelt.UntrackedIssue001 will NOT be loaded as mod toolbelt is not present
[26Sep2025 01:57:54.702] [main/INFO] [dev.uncandango.alltheleaks.AllTheLeaks/]: Class dev.uncandango.alltheleaks.leaks.common.mods.tfcthermaldeposits.UntrackedIssue001 will NOT be loaded as mod tfcthermaldeposits is not present
[26Sep2025 01:57:54.702] [main/INFO] [dev.uncandango.alltheleaks.AllTheLeaks/]: Class dev.uncandango.alltheleaks.leaks.common.mods.smallships.UntrackedIssue001 will NOT be loaded as mod smallships is not present
[26Sep2025 01:57:54.702] [main/INFO] [dev.uncandango.alltheleaks.AllTheLeaks/]: Class dev.uncandango.alltheleaks.leaks.common.mods.sereneseasons.UntrackedIssue001 will NOT be loaded as mod sereneseasons is not present
[26Sep2025 01:57:54.703] [main/INFO] [dev.uncandango.alltheleaks.AllTheLeaks/]: Class dev.uncandango.alltheleaks.leaks.common.mods.railcraft.UntrackedIssue001 will NOT be loaded as mod railcraft is not present
[26Sep2025 01:57:54.703] [main/INFO] [dev.uncandango.alltheleaks.AllTheLeaks/]: Class dev.uncandango.alltheleaks.leaks.common.mods.pneumaticcraft.UntrackedIssue001 will NOT be loaded as mod pneumaticcraft is not present
[26Sep2025 01:57:54.703] [main/INFO] [dev.uncandango.alltheleaks.AllTheLeaks/]: Class dev.uncandango.alltheleaks.leaks.common.mods.phosphophyllite.UntrackedIssue001 will NOT be loaded as mod phosphophyllite is not present
[26Sep2025 01:57:54.703] [main/INFO] [dev.uncandango.alltheleaks.AllTheLeaks/]: Class dev.uncandango.alltheleaks.leaks.common.mods.occultism.UntrackedIssue001 will NOT be loaded as mod occultism is not present
[26Sep2025 01:57:54.703] [main/INFO] [dev.uncandango.alltheleaks.AllTheLeaks/]: Class dev.uncandango.alltheleaks.leaks.common.mods.moonlight.UntrackedIssue001 will be loaded as it matches versions: 1.20-2.14.1 in [1.20-2.13.32,)
[26Sep2025 01:57:54.704] [main/INFO] [dev.uncandango.alltheleaks.AllTheLeaks/]: Mixins added to allowed list: [main.FakeLevelManagerMixin]
[26Sep2025 01:57:54.704] [main/INFO] [dev.uncandango.alltheleaks.AllTheLeaks/]: Class dev.uncandango.alltheleaks.leaks.common.mods.minecraft.UntrackedIssue002 will be loaded as it matches versions: 1.20.1 in 1.20.1
[26Sep2025 01:57:54.704] [main/INFO] [dev.uncandango.alltheleaks.AllTheLeaks/]: Mixins added to allowed list: [main.EntityTickListMixin]
[26Sep2025 01:57:54.704] [main/INFO] [dev.uncandango.alltheleaks.AllTheLeaks/]: Class dev.uncandango.alltheleaks.leaks.common.mods.minecraft.UntrackedIssue001 will be loaded as it matches versions: 1.20.1 in 1.20.1
[26Sep2025 01:57:54.704] [main/INFO] [dev.uncandango.alltheleaks.AllTheLeaks/]: Class dev.uncandango.alltheleaks.leaks.common.mods.irons_spellbooks.UntrackedIssue001 will be loaded as it matches versions: 1.20.1-3.4.0.9 in [1.20.1-3.4.0,)
[26Sep2025 01:57:54.704] [main/INFO] [dev.uncandango.alltheleaks.AllTheLeaks/]: Mixins added to allowed list: [main.ServerPlayerEventsMixin]
[26Sep2025 01:57:54.705] [main/INFO] [dev.uncandango.alltheleaks.AllTheLeaks/]: Class dev.uncandango.alltheleaks.leaks.common.mods.forge.UntrackedIssue003 will be loaded as it matches versions: 47.4.0 in [47.2,)
[26Sep2025 01:57:54.705] [main/INFO] [dev.uncandango.alltheleaks.AllTheLeaks/]: Class dev.uncandango.alltheleaks.leaks.common.mods.forge.UntrackedIssue002 will be loaded as it matches versions: 47.4.0 in [47.2,)
[26Sep2025 01:57:54.705] [main/INFO] [dev.uncandango.alltheleaks.AllTheLeaks/]: Mixins added to allowed list: [accessor.FakePlayerNetHandlerAccessor, accessor.ConnectionAccessor]
[26Sep2025 01:57:54.705] [main/INFO] [dev.uncandango.alltheleaks.AllTheLeaks/]: Class dev.uncandango.alltheleaks.leaks.common.mods.forge.UntrackedIssue001 will be loaded as it matches versions: 47.4.0 in [47.2,)
[26Sep2025 01:57:54.705] [main/INFO] [dev.uncandango.alltheleaks.AllTheLeaks/]: Mixins added to allowed list: [main.ServerPlayerMixin, main.PlayerListMixin]
[26Sep2025 01:57:54.706] [main/INFO] [dev.uncandango.alltheleaks.AllTheLeaks/]: Class dev.uncandango.alltheleaks.leaks.common.mods.forbidden_arcanus.UntrackedIssue001 will NOT be loaded as mod forbidden_arcanus is not present
[26Sep2025 01:57:54.706] [main/INFO] [dev.uncandango.alltheleaks.AllTheLeaks/]: Class dev.uncandango.alltheleaks.leaks.common.mods.domesticationinnovation.UntrackedIssue001 will NOT be loaded as mod domesticationinnovation is not present
[26Sep2025 01:57:54.706] [main/INFO] [dev.uncandango.alltheleaks.AllTheLeaks/]: Class dev.uncandango.alltheleaks.leaks.common.mods.curios.UntrackedIssue001 will be loaded as it matches versions: 5.14.1+1.20.1 in [5.9.1,)
[26Sep2025 01:57:54.706] [main/INFO] [dev.uncandango.alltheleaks.AllTheLeaks/]: Mixins added to allowed list: [main.CuriosEventHandlerMixin]
[26Sep2025 01:57:54.706] [main/INFO] [dev.uncandango.alltheleaks.AllTheLeaks/]: Class dev.uncandango.alltheleaks.leaks.common.mods.createaddition.UntrackedIssue001 will NOT be loaded as mod createaddition is not present
[26Sep2025 01:57:54.706] [main/INFO] [dev.uncandango.alltheleaks.AllTheLeaks/]: Class dev.uncandango.alltheleaks.leaks.common.mods.create.UntrackedIssue001 will be loaded as it matches versions: 6.0.4 in [0.5.1.c,)
[26Sep2025 01:57:54.707] [main/INFO] [dev.uncandango.alltheleaks.AllTheLeaks/]: Mixins added to allowed list: [accessor.ExtendoGripItemAccessor]
[26Sep2025 01:57:54.707] [main/INFO] [dev.uncandango.alltheleaks.AllTheLeaks/]: Class dev.uncandango.alltheleaks.leaks.common.mods.citadel.UntrackedIssue001 will be loaded as it matches versions: 2.6.1 in [2.5.4,)
[26Sep2025 01:57:54.707] [main/INFO] [dev.uncandango.alltheleaks.AllTheLeaks/]: Class dev.uncandango.alltheleaks.leaks.common.mods.betterf3.UntrackedIssue001 will NOT be loaded as mod betterf3 is not present
[26Sep2025 01:57:54.707] [main/INFO] [dev.uncandango.alltheleaks.AllTheLeaks/]: Class dev.uncandango.alltheleaks.leaks.common.mods.badpackets.UntrackedIssue001 will NOT be loaded as mod badpackets is not present
[26Sep2025 01:57:54.707] [main/INFO] [dev.uncandango.alltheleaks.AllTheLeaks/]: Class dev.uncandango.alltheleaks.leaks.common.mods.ars_nouveau.UntrackedIssue002 will NOT be loaded as mod ars_nouveau is not present
[26Sep2025 01:57:54.707] [main/INFO] [dev.uncandango.alltheleaks.AllTheLeaks/]: Class dev.uncandango.alltheleaks.leaks.common.mods.ars_nouveau.UntrackedIssue001 will NOT be loaded as mod ars_nouveau is not present
[26Sep2025 01:57:54.708] [main/INFO] [dev.uncandango.alltheleaks.AllTheLeaks/]: Class dev.uncandango.alltheleaks.leaks.common.mods.architectury.UntrackedIssue001 will be loaded as it matches versions: 9.2.14 in [9.0.8,)
[26Sep2025 01:57:54.708] [main/INFO] [dev.uncandango.alltheleaks.AllTheLeaks/]: Class dev.uncandango.alltheleaks.leaks.common.mods.alexsmobs.Issue2165 will be loaded as it matches versions: 1.22.9 in [1.22.5,)
[26Sep2025 01:57:54.708] [main/INFO] [dev.uncandango.alltheleaks.AllTheLeaks/]: Class dev.uncandango.alltheleaks.leaks.common.mods.aether.UntrackedIssue001 will NOT be loaded as mod aether is not present
[26Sep2025 01:57:54.708] [main/INFO] [dev.uncandango.alltheleaks.AllTheLeaks/]: Class dev.uncandango.alltheleaks.leaks.common.mods.ae2wtlib.UntrackedIssue001 will NOT be loaded as mod ae2wtlib is not present
[26Sep2025 01:57:54.708] [main/INFO] [dev.uncandango.alltheleaks.AllTheLeaks/]: Skipping issue [untracked] from mod twilightforest as it is client side only!
[26Sep2025 01:57:54.708] [main/INFO] [dev.uncandango.alltheleaks.AllTheLeaks/]: Skipping issue [untracked] from mod travelersbackpack as it is client side only!
[26Sep2025 01:57:54.708] [main/INFO] [dev.uncandango.alltheleaks.AllTheLeaks/]: Skipping issue [untracked] from mod tombstone as it is client side only!
[26Sep2025 01:57:54.709] [main/INFO] [dev.uncandango.alltheleaks.AllTheLeaks/]: Skipping issue [untracked] from mod sereneseasons as it is client side only!
[26Sep2025 01:57:54.709] [main/INFO] [dev.uncandango.alltheleaks.AllTheLeaks/]: Skipping issue [untracked] from mod pneumaticcraft as it is client side only!
[26Sep2025 01:57:54.709] [main/INFO] [dev.uncandango.alltheleaks.AllTheLeaks/]: Skipping issue [untracked] from mod nuclearcraft as it is client side only!
[26Sep2025 01:57:54.709] [main/INFO] [dev.uncandango.alltheleaks.AllTheLeaks/]: Skipping issue [untracked] from mod mowziesmobs as it is client side only!
[26Sep2025 01:57:54.709] [main/INFO] [dev.uncandango.alltheleaks.AllTheLeaks/]: Skipping issue [untracked] from mod mowziesmobs as it is client side only!
[26Sep2025 01:57:54.709] [main/INFO] [dev.uncandango.alltheleaks.AllTheLeaks/]: Skipping issue [untracked] from mod mousetweaks as it is client side only!
[26Sep2025 01:57:54.709] [main/INFO] [dev.uncandango.alltheleaks.AllTheLeaks/]: Skipping issue [untracked] from mod mna as it is client side only!
[26Sep2025 01:57:54.710] [main/INFO] [dev.uncandango.alltheleaks.AllTheLeaks/]: Skipping issue [untracked] from mod minecraft as it is client side only!
[26Sep2025 01:57:54.710] [main/INFO] [dev.uncandango.alltheleaks.AllTheLeaks/]: Skipping issue [untracked] from mod minecraft as mod modernfix is present!
[26Sep2025 01:57:54.710] [main/INFO] [dev.uncandango.alltheleaks.AllTheLeaks/]: Skipping issue [untracked] from mod minecolonies as it is client side only!
[26Sep2025 01:57:54.710] [main/INFO] [dev.uncandango.alltheleaks.AllTheLeaks/]: Skipping issue [untracked] from mod minecolonies as it is client side only!
[26Sep2025 01:57:54.710] [main/INFO] [dev.uncandango.alltheleaks.AllTheLeaks/]: Skipping issue [untracked] from mod ldlib as it is client side only!
[26Sep2025 01:57:54.710] [main/INFO] [dev.uncandango.alltheleaks.AllTheLeaks/]: Skipping issue [untracked] from mod journeymap as it is client side only!
[26Sep2025 01:57:54.710] [main/INFO] [dev.uncandango.alltheleaks.AllTheLeaks/]: Skipping issue [untracked] from mod jeresources as it is client side only!
[26Sep2025 01:57:54.711] [main/INFO] [dev.uncandango.alltheleaks.AllTheLeaks/]: Skipping issue [untracked] from mod jei as it is client side only!
[26Sep2025 01:57:54.711] [main/INFO] [dev.uncandango.alltheleaks.AllTheLeaks/]: Skipping issue [untracked] from mod jei as it is client side only!
[26Sep2025 01:57:54.711] [main/INFO] [dev.uncandango.alltheleaks.AllTheLeaks/]: Skipping issue [untracked] from mod irons_spellbooks as it is client side only!
[26Sep2025 01:57:54.711] [main/INFO] [dev.uncandango.alltheleaks.AllTheLeaks/]: Skipping issue [untracked] from mod irons_spellbooks as it is client side only!
[26Sep2025 01:57:54.711] [main/INFO] [dev.uncandango.alltheleaks.AllTheLeaks/]: Skipping issue [untracked] from mod iceberg as it is client side only!
[26Sep2025 01:57:54.711] [main/INFO] [dev.uncandango.alltheleaks.AllTheLeaks/]: Skipping issue [untracked] from mod iceberg as it is client side only!
[26Sep2025 01:57:54.711] [main/INFO] [dev.uncandango.alltheleaks.AllTheLeaks/]: Skipping issue [untracked] from mod iceberg as it is client side only!
[26Sep2025 01:57:54.711] [main/INFO] [dev.uncandango.alltheleaks.AllTheLeaks/]: Skipping issue [untracked] from mod geckolib as it is client side only!
[26Sep2025 01:57:54.712] [main/INFO] [dev.uncandango.alltheleaks.AllTheLeaks/]: Skipping issue [untracked] from mod ftblibrary as it is client side only!
[26Sep2025 01:57:54.712] [main/INFO] [dev.uncandango.alltheleaks.AllTheLeaks/]: Skipping issue [untracked] from mod flywheel as it is client side only!
[26Sep2025 01:57:54.712] [main/INFO] [dev.uncandango.alltheleaks.AllTheLeaks/]: Skipping issue [untracked] from mod findme as it is client side only!
[26Sep2025 01:57:54.712] [main/INFO] [dev.uncandango.alltheleaks.AllTheLeaks/]: Skipping issue [untracked] from mod entity_texture_features as it is client side only!
[26Sep2025 01:57:54.712] [main/INFO] [dev.uncandango.alltheleaks.AllTheLeaks/]: Skipping issue [untracked] from mod entity_model_features as it is client side only!
[26Sep2025 01:57:54.712] [main/INFO] [dev.uncandango.alltheleaks.AllTheLeaks/]: Skipping issue [untracked] from mod emi_loot as it is client side only!
[26Sep2025 01:57:54.712] [main/INFO] [dev.uncandango.alltheleaks.AllTheLeaks/]: Skipping issue [untracked] from mod emi as it is client side only!
[26Sep2025 01:57:54.713] [main/INFO] [dev.uncandango.alltheleaks.AllTheLeaks/]: Skipping issue [untracked] from mod easy_villagers as it is client side only!
[26Sep2025 01:57:54.713] [main/INFO] [dev.uncandango.alltheleaks.AllTheLeaks/]: Skipping issue [untracked] from mod difficultylock as it is client side only!
[26Sep2025 01:57:54.713] [main/INFO] [dev.uncandango.alltheleaks.AllTheLeaks/]: Skipping issue [untracked] from mod cyclopscore as it is client side only!
[26Sep2025 01:57:54.713] [main/INFO] [dev.uncandango.alltheleaks.AllTheLeaks/]: Skipping issue [untracked] from mod corpse as it is client side only!
[26Sep2025 01:57:54.713] [main/INFO] [dev.uncandango.alltheleaks.AllTheLeaks/]: Skipping issue [untracked] from mod citadel as it is client side only!
[26Sep2025 01:57:54.713] [main/INFO] [dev.uncandango.alltheleaks.AllTheLeaks/]: Skipping issue [untracked] from mod blue_skies as it is client side only!
[26Sep2025 01:57:54.713] [main/INFO] [dev.uncandango.alltheleaks.AllTheLeaks/]: Skipping issue [untracked] from mod beansbackpacks as it is client side only!
[26Sep2025 01:57:54.713] [main/INFO] [dev.uncandango.alltheleaks.AllTheLeaks/]: Skipping issue [untracked] from mod badpackets as it is client side only!
[26Sep2025 01:57:54.714] [main/INFO] [dev.uncandango.alltheleaks.AllTheLeaks/]: Skipping issue [untracked] from mod ae2wtlib as it is client side only!
[26Sep2025 01:57:54.714] [main/INFO] [dev.uncandango.alltheleaks.AllTheLeaks/]: Skipping issue [untracked] from mod ae2wtlib as it is client side only!
[26Sep2025 01:57:54.714] [main/INFO] [dev.uncandango.alltheleaks.AllTheLeaks/]: Class dev.uncandango.alltheleaks.fix.common.mods.modernfix.CancelRLMixin will be loaded as it matches versions: 5.23.0+mc1.20.1 in [5.0.0,)
[26Sep2025 01:57:54.714] [main/INFO] [dev.uncandango.alltheleaks.AllTheLeaks/]: Mixins added to cancel list: [org.embeddedt.modernfix.common.mixin.perf.deduplicate_location.MixinResourceLocation]
[26Sep2025 01:57:54.720] [main/INFO] [dev.uncandango.alltheleaks.AllTheLeaks/]: Skipping feature ResourceLocation Deduplication from mod minecraft as it's feature flag is not activated!
[26Sep2025 01:57:54.721] [main/INFO] [dev.uncandango.alltheleaks.AllTheLeaks/]: Skipping feature Ingredient Deduplication from mod minecraft as it's feature flag is not activated!
[26Sep2025 01:57:54.721] [main/INFO] [dev.uncandango.alltheleaks.AllTheLeaks/]: Skipping feature Prevent Search Ignored Items from mod jei as it's feature flag is not activated!
[26Sep2025 01:57:54.937] [main/INFO] [MixinExtras|Service/]: Initializing MixinExtras via com.llamalad7.mixinextras.service.MixinExtrasServiceImpl(version=0.4.1).
[26Sep2025 01:57:55.112] [main/INFO] [mixin/]: Mixing server.MixinDedicatedServer from mixins/common/nochatreports.mixins.json into net.minecraft.server.dedicated.DedicatedServer
[26Sep2025 01:57:55.464] [main/INFO] [net.minecraft.server.Bootstrap/]: ModernFix reached bootstrap stage (13.22 s after launch)
[26Sep2025 01:57:55.693] [main/INFO] [mixin/]: Mixing common.MixinFriendlyByteBuf from mixins/common/nochatreports.mixins.json into net.minecraft.network.FriendlyByteBuf
[26Sep2025 01:57:55.694] [main/INFO] [mixin/]: Renaming synthetic method lambda$onWriteJsonWithCodec$1(Ljava/lang/Object;Ljava/lang/String;)Lio/netty/handler/codec/EncoderException; to md69e913$lambda$onWriteJsonWithCodec$1$0 in mixins/common/nochatreports.mixins.json:common.MixinFriendlyByteBuf
[26Sep2025 01:57:55.694] [main/INFO] [mixin/]: Renaming synthetic method lambda$onReadJsonWithCodec$0(Ljava/lang/String;)Lio/netty/handler/codec/DecoderException; to md69e913$lambda$onReadJsonWithCodec$0$1 in mixins/common/nochatreports.mixins.json:common.MixinFriendlyByteBuf
[26Sep2025 01:57:55.763] [main/WARN] [mixin/]: @Final field delegatesByName:Ljava/util/Map; in modernfix-forge.mixins.json:perf.forge_registry_alloc.ForgeRegistryMixin should be final
[26Sep2025 01:57:55.764] [main/WARN] [mixin/]: @Final field delegatesByValue:Ljava/util/Map; in modernfix-forge.mixins.json:perf.forge_registry_alloc.ForgeRegistryMixin should be final
[26Sep2025 01:57:55.899] [main/INFO] [ModernFix/]: Injecting BlockStateBase cache population hook into getNeighborPathNodeType from me.jellysquid.mods.lithium.mixin.ai.pathing.AbstractBlockStateMixin
[26Sep2025 01:57:55.899] [main/INFO] [ModernFix/]: Injecting BlockStateBase cache population hook into getPathNodeType from me.jellysquid.mods.lithium.mixin.ai.pathing.AbstractBlockStateMixin
[26Sep2025 01:57:55.900] [main/INFO] [ModernFix/]: Injecting BlockStateBase cache population hook into getAllFlags from me.jellysquid.mods.lithium.mixin.util.block_tracking.AbstractBlockStateMixin
[26Sep2025 01:57:56.239] [main/INFO] [net.minecraftforge.coremod.CoreMod.placebo/COREMODLOG]: Patching IForgeItemStack#getEnchantmentLevel
[26Sep2025 01:57:56.240] [main/INFO] [net.minecraftforge.coremod.CoreMod.placebo/COREMODLOG]: Patching IForgeItemStack#getEnchantmentLevel
[26Sep2025 01:57:57.279] [main/WARN] [mixin/]: @Redirect conflict. Skipping mixins.redirected_forge_1.20.1.json:net.minecraft.world.level.block.piston.PistonBaseBlockMixin->@Redirect::redirectDirections()[Lnet/minecraft/core/Direction; with priority 10, already redirected by lithium.mixins.json:alloc.enum_values.piston_block.PistonBlockMixin->@Redirect::removeAllocation()[Lnet/minecraft/core/Direction; with priority 1000
[26Sep2025 01:57:57.279] [main/WARN] [mixin/]: @Redirect conflict. Skipping mixins.redirected_forge_1.20.1.json:net.minecraft.world.level.block.piston.PistonBaseBlockMixin->@Redirect::redirectDirections()[Lnet/minecraft/core/Direction; with priority 10, already redirected by lithium.mixins.json:alloc.enum_values.piston_block.PistonBlockMixin->@Redirect::removeAllocation()[Lnet/minecraft/core/Direction; with priority 1000
[26Sep2025 01:57:57.366] [main/WARN] [mixin/]: @Redirect conflict. Skipping mixins.redirected_forge_1.20.1.json:net.minecraft.world.level.block.RedStoneWireBlockMixin->@Redirect::redirectDirections()[Lnet/minecraft/core/Direction; with priority 10, already redirected by lithium.mixins.json:alloc.enum_values.redstone_wire.RedstoneWireBlockMixin->@Redirect::removeAllocation1()[Lnet/minecraft/core/Direction; with priority 1000
[26Sep2025 01:57:57.367] [main/WARN] [mixin/]: @Redirect conflict. Skipping mixins.redirected_forge_1.20.1.json:net.minecraft.world.level.block.RedStoneWireBlockMixin->@Redirect::redirectDirections()[Lnet/minecraft/core/Direction; with priority 10, already redirected by lithium.mixins.json:alloc.enum_values.redstone_wire.RedstoneWireBlockMixin->@Redirect::removeAllocation2()[Lnet/minecraft/core/Direction; with priority 1000
[26Sep2025 01:57:57.805] [main/INFO] [net.minecraftforge.coremod.CoreMod.placebo/COREMODLOG]: Patching IForgeItemStack#getEnchantmentLevel
[26Sep2025 01:57:57.806] [main/INFO] [net.minecraftforge.coremod.CoreMod.placebo/COREMODLOG]: Patching IForgeItemStack#getEnchantmentLevel
[26Sep2025 01:57:57.840] [main/INFO] [net.minecraft.server.Bootstrap/]: Vanilla bootstrap took 2373 milliseconds
[26Sep2025 01:57:59.782] [main/INFO] [mixin/]: Mixing server.MixinServerGamePacketListenerImpl from mixins/common/nochatreports.mixins.json into net.minecraft.server.network.ServerGamePacketListenerImpl
[26Sep2025 01:58:00.494] [main/WARN] [mixin/]: @ModifyConstant conflict. Skipping dungeonnowloading.forge.mixins.json:forge.structures.StructurePoolMixin->@ModifyConstant::dungeonnowloading_increaseWeightLimit(I)I with priority 1000, already redirected by yungsapi_forge.mixins.json:IncreaseStructureWeightLimitMixinForge->@ModifyConstant::yungsapi_increaseWeightLimit(I)I with priority 1000
[26Sep2025 01:58:00.575] [main/WARN] [mixin/]: Static binding violation: PRIVATE @Overwrite method m_47505_ in modernfix-common.mixins.json:perf.remove_biome_temperature_cache.BiomeMixin cannot reduce visibiliy of PUBLIC target method, visibility will be upgraded.
[26Sep2025 01:58:00.576] [main/WARN] [mixin/]: Method overwrite conflict for m_47505_ in lithium.mixins.json:world.temperature_cache.BiomeMixin, previously written by org.embeddedt.modernfix.common.mixin.perf.remove_biome_temperature_cache.BiomeMixin. Skipping method.
[26Sep2025 01:58:01.190] [modloading-worker-0/INFO] [mixin/]: Mixing server.MixinPlayerList from mixins/common/nochatreports.mixins.json into net.minecraft.server.players.PlayerList
[26Sep2025 01:58:01.219] [modloading-worker-0/WARN] [mixin/]: @Redirect conflict. Skipping recipeessentials.mixins.json:RecipeManagerMixin->@Redirect::logErrorOnce(Lorg/slf4j/Logger;Ljava/lang/String;Ljava/lang/Object;Ljava/lang/Object;)V with priority 200, already redirected by modernfix-forge.mixins.json:perf.datapack_reload_exceptions.RecipeManagerMixin->@Redirect::silenceException(Lorg/slf4j/Logger;Ljava/lang/String;Ljava/lang/Object;Ljava/lang/Object;)V with priority 2000
[26Sep2025 01:58:01.707] [modloading-worker-0/INFO] [de.keksuccino.melody.Melody/]: [MELODY] Disabling Melody since it's loaded server-side.
[26Sep2025 01:58:01.734] [modloading-worker-0/INFO] [de.keksuccino.konkrete.Konkrete/]: [KONKRETE] Successfully initialized!
[26Sep2025 01:58:01.735] [modloading-worker-0/INFO] [de.keksuccino.konkrete.Konkrete/]: [KONKRETE] Server-side libs ready to use!
[26Sep2025 01:58:01.807] [modloading-worker-0/INFO] [noisium/]: Loading Noisium.
[26Sep2025 01:58:02.513] [modloading-worker-0/INFO] [dev.architectury.networking.forge.NetworkManagerImpl/]: Registering C2S receiver with id architectury:sync_ids
[26Sep2025 01:58:02.525] [modloading-worker-0/INFO] [com.cupboard.Cupboard/]: Loaded config for: cupboard.json
[26Sep2025 01:58:02.545] [modloading-worker-0/INFO] [STDOUT/]: [com.cursee.monolib.core.sailing.warden.SailingWarden:processDirectoryOrFilePathStrings:24]: No matching files were found.
[26Sep2025 01:58:02.726] [modloading-worker-0/INFO] [TimeOnDisplay/]: Hello Forge world!
[26Sep2025 01:58:02.727] [modloading-worker-0/INFO] [TimeOnDisplay/]: Hello from TimeOnDisplay Common init on Forge! we are currently in a production environment!
[26Sep2025 01:58:02.727] [modloading-worker-0/INFO] [TimeOnDisplay/]: The ID for diamonds is minecraft:diamond
[26Sep2025 01:58:02.728] [modloading-worker-0/INFO] [TimeOnDisplay/]: Hello to TimeOnDisplay
[26Sep2025 01:58:02.788] [modloading-worker-0/ERROR] [net.minecraftforge.eventbus.EventSubclassTransformer/EVENTBUS]: Could not find parent net/minecraft/client/renderer/entity/layers/RenderLayer for class com/obscuria/obscureapi/client/renderer/PatreonLayer in classloader cpw.mods.modlauncher.TransformingClassLoader@646d58cd on thread Thread[modloading-worker-0,5,main]
[26Sep2025 01:58:02.789] [modloading-worker-0/ERROR] [net.minecraftforge.eventbus.EventSubclassTransformer/EVENTBUS]: An error occurred building event handler
java.lang.ClassNotFoundException: net.minecraft.client.renderer.entity.layers.RenderLayer
	at cpw.mods.cl.ModuleClassLoader.loadClass(ModuleClassLoader.java:141) ~[securejarhandler-2.1.10.jar:?]
	at java.lang.ClassLoader.loadClass(ClassLoader.java:525) ~[?:?]
	at net.minecraftforge.eventbus.EventSubclassTransformer.buildEvents(EventSubclassTransformer.java:97) ~[eventbus-6.0.5.jar%2352!/:?]
	at net.minecraftforge.eventbus.EventSubclassTransformer.transform(EventSubclassTransformer.java:48) ~[eventbus-6.0.5.jar%2352!/:?]
	at net.minecraftforge.eventbus.EventBusEngine.processClass(EventBusEngine.java:26) ~[eventbus-6.0.5.jar%2352!/:?]
	at net.minecraftforge.eventbus.service.ModLauncherService.processClassWithFlags(ModLauncherService.java:32) ~[eventbus-6.0.5.jar%2352!/:6.0.5+6.0.5+master.eb8e549b]
	at cpw.mods.modlauncher.LaunchPluginHandler.offerClassNodeToPlugins(LaunchPluginHandler.java:88) ~[modlauncher-10.0.9.jar%2355!/:?]
	at cpw.mods.modlauncher.ClassTransformer.transform(ClassTransformer.java:120) ~[modlauncher-10.0.9.jar%2355!/:?]
	at cpw.mods.modlauncher.TransformingClassLoader.maybeTransformClassBytes(TransformingClassLoader.java:50) ~[modlauncher-10.0.9.jar%2355!/:?]
	at cpw.mods.cl.ModuleClassLoader.readerToClass(ModuleClassLoader.java:113) ~[securejarhandler-2.1.10.jar:?]
	at cpw.mods.cl.ModuleClassLoader.lambda$findClass$15(ModuleClassLoader.java:219) ~[securejarhandler-2.1.10.jar:?]
	at cpw.mods.cl.ModuleClassLoader.loadFromModule(ModuleClassLoader.java:229) ~[securejarhandler-2.1.10.jar:?]
	at cpw.mods.cl.ModuleClassLoader.findClass(ModuleClassLoader.java:219) ~[securejarhandler-2.1.10.jar:?]
	at cpw.mods.cl.ModuleClassLoader.loadClass(ModuleClassLoader.java:135) ~[securejarhandler-2.1.10.jar:?]
	at java.lang.ClassLoader.loadClass(ClassLoader.java:525) ~[?:?]
	at java.lang.ClassLoader.defineClass0(Native Method) ~[?:?]
	at java.lang.System$2.defineClass(System.java:2324) ~[?:?]
	at java.lang.invoke.MethodHandles$Lookup$ClassDefiner.defineClass(MethodHandles.java:2439) ~[?:?]
	at java.lang.invoke.MethodHandles$Lookup$ClassDefiner.defineClassAsLookup(MethodHandles.java:2420) ~[?:?]
	at java.lang.invoke.MethodHandles$Lookup.defineHiddenClass(MethodHandles.java:2127) ~[?:?]
	at java.lang.invoke.InnerClassLambdaMetafactory.generateInnerClass(InnerClassLambdaMetafactory.java:407) ~[?:?]
	at java.lang.invoke.InnerClassLambdaMetafactory.spinInnerClass(InnerClassLambdaMetafactory.java:315) ~[?:?]
	at java.lang.invoke.InnerClassLambdaMetafactory.buildCallSite(InnerClassLambdaMetafactory.java:228) ~[?:?]
	at java.lang.invoke.LambdaMetafactory.metafactory(LambdaMetafactory.java:341) ~[?:?]
	at java.lang.invoke.BootstrapMethodInvoker.invoke(BootstrapMethodInvoker.java:134) ~[?:?]
	at java.lang.invoke.CallSite.makeSite(CallSite.java:315) ~[?:?]
	at java.lang.invoke.MethodHandleNatives.linkCallSiteImpl(MethodHandleNatives.java:281) ~[?:?]
	at java.lang.invoke.MethodHandleNatives.linkCallSite(MethodHandleNatives.java:271) ~[?:?]
	at com.obscuria.obscureapi.client.renderer.PatreonLayer$Mode.<clinit>(PatreonLayer.java:55) ~[obscure_api-15.jar%23278!/:com.obscuria]
	at com.obscuria.obscureapi.ObscureAPIConfig$Client.<clinit>(ObscureAPIConfig.java:28) ~[obscure_api-15.jar%23278!/:com.obscuria]
	at com.obscuria.obscureapi.ObscureAPIConfig.register(ObscureAPIConfig.java:46) ~[obscure_api-15.jar%23278!/:com.obscuria]
	at com.obscuria.obscureapi.ObscureAPI.<init>(ObscureAPI.java:69) ~[obscure_api-15.jar%23278!/:com.obscuria]
	at jdk.internal.reflect.NativeConstructorAccessorImpl.newInstance0(Native Method) ~[?:?]
	at jdk.internal.reflect.NativeConstructorAccessorImpl.newInstance(NativeConstructorAccessorImpl.java:77) ~[?:?]
	at jdk.internal.reflect.DelegatingConstructorAccessorImpl.newInstance(DelegatingConstructorAccessorImpl.java:45) ~[?:?]
	at java.lang.reflect.Constructor.newInstanceWithCaller(Constructor.java:500) ~[?:?]
	at java.lang.reflect.Constructor.newInstance(Constructor.java:481) ~[?:?]
	at net.minecraftforge.fml.javafmlmod.FMLModContainer.constructMod(FMLModContainer.java:77) ~[javafmllanguage-1.20.1-47.4.0.jar%23315!/:?]
	at net.minecraftforge.fml.ModContainer.lambda$buildTransitionHandler$5(ModContainer.java:126) ~[fmlcore-1.20.1-47.4.0.jar%23314!/:?]
	at java.util.concurrent.CompletableFuture$AsyncRun.run(CompletableFuture.java:1804) ~[?:?]
	at java.util.concurrent.CompletableFuture$AsyncRun.exec(CompletableFuture.java:1796) ~[?:?]
	at java.util.concurrent.ForkJoinTask.doExec(ForkJoinTask.java:373) ~[?:?]
	at java.util.concurrent.ForkJoinPool$WorkQueue.topLevelExec(ForkJoinPool.java:1182) ~[?:?]
	at java.util.concurrent.ForkJoinPool.scan(ForkJoinPool.java:1655) ~[?:?]
	at java.util.concurrent.ForkJoinPool.runWorker(ForkJoinPool.java:1622) ~[?:?]
	at java.util.concurrent.ForkJoinWorkerThread.run(ForkJoinWorkerThread.java:165) ~[?:?]
[26Sep2025 01:58:02.790] [modloading-worker-0/ERROR] [net.minecraftforge.fml.loading.RuntimeDistCleaner/DISTXFORM]: Attempted to load class com/obscuria/obscureapi/client/renderer/PatreonLayer for invalid dist DEDICATED_SERVER
[26Sep2025 01:58:02.841] [modloading-worker-0/ERROR] [toastcontrol/]: Running on a dedicated server, disabling mod.
[26Sep2025 01:58:02.842] [modloading-worker-0/INFO] [AutoMessage/]: Hello Forge world!
[26Sep2025 01:58:02.849] [modloading-worker-0/INFO] [AutoMessage/]: Hello from AutoMessage Common init on Forge! we are currently in a production environment!
[26Sep2025 01:58:02.849] [modloading-worker-0/INFO] [AutoMessage/]: The ID for diamonds is minecraft:diamond
[26Sep2025 01:58:02.849] [modloading-worker-0/INFO] [AutoMessage/]: Hello to AutoMessage
[26Sep2025 01:58:02.882] [modloading-worker-0/INFO] [net.minecraftforge.common.ForgeMod/FORGEMOD]: Forge mod loading, version 47.4.0, for MC 1.20.1 with MCP 20230612.114412
[26Sep2025 01:58:02.883] [modloading-worker-0/INFO] [net.minecraftforge.common.MinecraftForge/FORGE]: MinecraftForge v47.4.0 Initialized
[26Sep2025 01:58:02.957] [modloading-worker-0/INFO] [Dungeon Now Loading/]: Hello Forge world!
[26Sep2025 01:58:03.351] [modloading-worker-0/INFO] [necronomicon/]: Necronomicon Initialized
[26Sep2025 01:58:03.357] [modloading-worker-0/INFO] [necronomicon/]: File exists, reading config for elocindev.necronomicon.NecronomiconConfig.
[26Sep2025 01:58:03.359] [modloading-worker-0/INFO] [necronomicon/]: Config for elocindev.necronomicon.NecronomiconConfig read successfully.
[26Sep2025 01:58:03.369] [modloading-worker-0/INFO] [necronomicon/]: there is a brick about to fall through your roof at terminal velocity
[26Sep2025 01:58:03.375] [modloading-worker-0/INFO] [NoChatReports/]: KONNICHIWA ZA WARUDO!
[26Sep2025 01:58:03.375] [modloading-worker-0/INFO] [NoChatReports/]: Default JVM text encoding is: UTF-8
[26Sep2025 01:58:03.378] [modloading-worker-0/INFO] [NoChatReports/]: Reading config file NoChatReports/NCR-Common.json...
[26Sep2025 01:58:03.379] [modloading-worker-0/INFO] [NoChatReports/]: Writing config file NoChatReports/NCR-Common.json...
[26Sep2025 01:58:03.458] [modloading-worker-0/INFO] [com.simibubi.create.Create/]: Create 6.0.4 initializing! Commit hash: 254bb816aee1c056c74b2ad4beb88222a499da78
[26Sep2025 01:58:03.630] [modloading-worker-0/INFO] [STDOUT/]: [net.sweenus.simplyswords.SimplySwords:init:134]: /workspaces/SERVER/servidor_minecraft/config
[26Sep2025 01:58:03.902] [modloading-worker-0/INFO] [de.keksuccino.fancymenu.FancyMenu/]: [FANCYMENU] Loading v3.5.2 in server-side mode on FORGE!
[26Sep2025 01:58:05.219] [modloading-worker-0/INFO] [mixin/]: Mixing common.MixinServerStatus from mixins/common/nochatreports.mixins.json into net.minecraft.network.protocol.status.ServerStatus
[26Sep2025 01:58:08.572] [main/INFO] [Moonlight/]: Initialized block sets in 18ms
[26Sep2025 01:58:08.889] [main/INFO] [ModernFix/]: Bypassed Mojang DFU
[26Sep2025 01:58:08.890] [main/INFO] [ModernFix/]: Instantiating Mojang DFU
[26Sep2025 01:58:09.374] [main/WARN] [net.minecraftforge.registries.ForgeRegistry/REGISTRIES]: Registry minecraft:recipe_serializer: The object top.ribs.scguns.client.screen.MechanicalPressRecipe$Serializer@76adc51 has been registered twice for the same name scguns:mechanical_pressing.
[26Sep2025 01:58:09.374] [main/WARN] [net.minecraftforge.registries.ForgeRegistry/REGISTRIES]: Registry minecraft:recipe_serializer: The object top.ribs.scguns.client.screen.PoweredMechanicalPressRecipe$Serializer@16426886 has been registered twice for the same name scguns:powered_mechanical_pressing.
[26Sep2025 01:58:09.374] [main/WARN] [net.minecraftforge.registries.ForgeRegistry/REGISTRIES]: Registry minecraft:recipe_serializer: The object top.ribs.scguns.client.screen.MaceratorRecipe$Serializer@6c366435 has been registered twice for the same name scguns:macerating.
[26Sep2025 01:58:09.374] [main/WARN] [net.minecraftforge.registries.ForgeRegistry/REGISTRIES]: Registry minecraft:recipe_serializer: The object top.ribs.scguns.client.screen.PoweredMaceratorRecipe$Serializer@5bc04ec8 has been registered twice for the same name scguns:powered_macerating.
[26Sep2025 01:58:09.375] [main/WARN] [net.minecraftforge.registries.ForgeRegistry/REGISTRIES]: Registry minecraft:recipe_serializer: The object top.ribs.scguns.client.screen.GunBenchRecipe$Serializer@75426f89 has been registered twice for the same name scguns:gun_bench.
[26Sep2025 01:58:09.375] [main/WARN] [net.minecraftforge.registries.ForgeRegistry/REGISTRIES]: Registry minecraft:recipe_serializer: The object top.ribs.scguns.client.screen.LightningBatteryRecipe$Serializer@7300c9e5 has been registered twice for the same name scguns:lightning_battery.
[26Sep2025 01:58:09.375] [main/WARN] [net.minecraftforge.registries.ForgeRegistry/REGISTRIES]: Registry minecraft:recipe_serializer: The object top.ribs.scguns.client.screen.MechanicalPressRecipe$Serializer@76adc51 has been registered twice for the same name scguns:mechanical_pressing.
[26Sep2025 01:58:09.375] [main/WARN] [net.minecraftforge.registries.ForgeRegistry/REGISTRIES]: Registry minecraft:recipe_serializer: The object top.ribs.scguns.client.screen.PoweredMechanicalPressRecipe$Serializer@16426886 has been registered twice for the same name scguns:powered_mechanical_pressing.
[26Sep2025 01:58:09.375] [main/WARN] [net.minecraftforge.registries.ForgeRegistry/REGISTRIES]: Registry minecraft:recipe_serializer: The object top.ribs.scguns.client.screen.MaceratorRecipe$Serializer@6c366435 has been registered twice for the same name scguns:macerating.
[26Sep2025 01:58:09.375] [main/WARN] [net.minecraftforge.registries.ForgeRegistry/REGISTRIES]: Registry minecraft:recipe_serializer: The object top.ribs.scguns.client.screen.PoweredMaceratorRecipe$Serializer@5bc04ec8 has been registered twice for the same name scguns:powered_macerating.
[26Sep2025 01:58:09.375] [main/WARN] [net.minecraftforge.registries.ForgeRegistry/REGISTRIES]: Registry minecraft:recipe_serializer: The object top.ribs.scguns.client.screen.GunBenchRecipe$Serializer@75426f89 has been registered twice for the same name scguns:gun_bench.
[26Sep2025 01:58:09.375] [main/WARN] [net.minecraftforge.registries.ForgeRegistry/REGISTRIES]: Registry minecraft:recipe_serializer: The object top.ribs.scguns.client.screen.LightningBatteryRecipe$Serializer@7300c9e5 has been registered twice for the same name scguns:lightning_battery.
[26Sep2025 01:58:10.483] [modloading-worker-0/INFO] [com.recipeessentials.RecipeEssentials/]: recipeessentials mod initialized
[26Sep2025 01:58:10.484] [modloading-worker-0/INFO] [com.structureessentials.StructureEssentials/]: structureessentials mod initialized
[26Sep2025 01:58:10.483] [modloading-worker-0/INFO] [com.connectivity.Connectivity/]: Connectivity initialized
[26Sep2025 01:58:10.619] [modloading-worker-0/INFO] [me.steinborn.krypton.mod.shared.Krypton/]: Compression will use libdeflate (Linux x86_64), encryption will use OpenSSL 3.0.x (Linux x86_64)
[26Sep2025 01:58:10.631] [modloading-worker-0/INFO] [com.limitedchunks.LimitedChunks/]: Limited chunkloading initialized
[26Sep2025 01:58:10.637] [modloading-worker-0/INFO] [STDOUT/]: [toni.lib.TxniLib:onInitialize:75]: TxniLib onInitialize!
[26Sep2025 01:58:10.665] [modloading-worker-0/INFO] [voicechat/]: [voicechat] Compatibility version 18
[26Sep2025 01:58:10.686] [Forge Version Check/INFO] [net.minecraftforge.fml.VersionChecker/]: [controlling] Starting version check at https://updates.blamejared.com/get?n=controlling&gv=1.20.1
[26Sep2025 01:58:10.733] [modloading-worker-0/INFO] [voicechat/]: [voicechat] Loading plugins
[26Sep2025 01:58:10.745] [modloading-worker-0/INFO] [voicechat/]: [voicechat] Loaded 0 plugin(s)
[26Sep2025 01:58:10.745] [modloading-worker-0/INFO] [voicechat/]: [voicechat] Initializing plugins
[26Sep2025 01:58:10.745] [modloading-worker-0/INFO] [voicechat/]: [voicechat] Initialized 0 plugin(s)
[26Sep2025 01:58:10.757] [modloading-worker-0/INFO] [com.chunksending.ChunkSending/]: chunksending mod initialized
[26Sep2025 01:58:11.025] [main/INFO] [com.eeeab.eeeabsmobs.EEEABMobs/]: Starting to register Curios item...
[26Sep2025 01:58:11.075] [main/INFO] [Framework/SYNCED_ENTITY_DATA]: Registered synced data key scguns:aiming for minecraft:player
[26Sep2025 01:58:11.075] [main/INFO] [Framework/SYNCED_ENTITY_DATA]: Registered synced data key scguns:reloading for minecraft:player
[26Sep2025 01:58:11.075] [main/INFO] [Framework/SYNCED_ENTITY_DATA]: Registered synced data key scguns:shooting for minecraft:player
[26Sep2025 01:58:11.076] [main/INFO] [Framework/SYNCED_ENTITY_DATA]: Registered synced data key scguns:burstcount for minecraft:player
[26Sep2025 01:58:11.076] [main/INFO] [Framework/SYNCED_ENTITY_DATA]: Registered synced data key scguns:onburstcooldown for minecraft:player
[26Sep2025 01:58:11.076] [main/INFO] [Framework/SYNCED_ENTITY_DATA]: Registered synced data key scguns:melee for minecraft:player
[26Sep2025 01:58:11.152] [Forge Version Check/INFO] [net.minecraftforge.fml.VersionChecker/]: [controlling] Found status: BETA Current: 12.0.2 Target: 12.0.2
[26Sep2025 01:58:11.152] [Forge Version Check/INFO] [net.minecraftforge.fml.VersionChecker/]: [twilightforest] Starting version check at https://gh.tamaized.com/TeamTwilight/twilightforest/update.json
[26Sep2025 01:58:11.184] [main/INFO] [Moonlight/]: Initialized color sets in 50ms
[26Sep2025 01:58:11.278] [Forge Version Check/INFO] [net.minecraftforge.fml.VersionChecker/]: [twilightforest] Found status: AHEAD Current: 4.3.2508 Target: null
[26Sep2025 01:58:11.278] [Forge Version Check/INFO] [net.minecraftforge.fml.VersionChecker/]: [searchables] Starting version check at https://updates.blamejared.com/get?n=searchables&gv=1.20.1
[26Sep2025 01:58:11.378] [Forge Version Check/INFO] [net.minecraftforge.fml.VersionChecker/]: [searchables] Found status: BETA Current: 1.0.3 Target: 1.0.3
[26Sep2025 01:58:11.379] [Forge Version Check/INFO] [net.minecraftforge.fml.VersionChecker/]: [tombstone] Starting version check at https://raw.githubusercontent.com/Corail31/tombstone_lite/master/update.json
[26Sep2025 01:58:11.391] [Forge Version Check/INFO] [net.minecraftforge.fml.VersionChecker/]: [tombstone] Found status: OUTDATED Current: 8.9.6 Target: 9.0.9
[26Sep2025 01:58:11.394] [Forge Version Check/INFO] [net.minecraftforge.fml.VersionChecker/]: [gamemenumodoption] Starting version check at https://raw.githubusercontent.com/MORIMORI0317/GameMenuModOption/master/version_check.json
[26Sep2025 01:58:11.404] [Forge Version Check/INFO] [net.minecraftforge.fml.VersionChecker/]: [gamemenumodoption] Found status: UP_TO_DATE Current: 2.2.1 Target: null
[26Sep2025 01:58:11.404] [Forge Version Check/INFO] [net.minecraftforge.fml.VersionChecker/]: [radium] Starting version check at https://api.modrinth.com/updates/radium/forge_updates.json
[26Sep2025 01:58:11.518] [Forge Version Check/INFO] [net.minecraftforge.fml.VersionChecker/]: [radium] Found status: AHEAD Current: 0.12.4+git.26c9d8e Target: null
[26Sep2025 01:58:11.518] [Forge Version Check/INFO] [net.minecraftforge.fml.VersionChecker/]: [attributefix] Starting version check at https://updates.blamejared.com/get?n=attributefix&gv=1.20.1
[26Sep2025 01:58:11.554] [modloading-worker-0/INFO] [io.redspace.ironsspellbooks.IronsSpellbooks/]: Got IMC []
[26Sep2025 01:58:11.619] [Forge Version Check/INFO] [net.minecraftforge.fml.VersionChecker/]: [attributefix] Found status: BETA Current: 21.0.4 Target: 21.0.4
[26Sep2025 01:58:11.619] [Forge Version Check/INFO] [net.minecraftforge.fml.VersionChecker/]: [obscure_api] Starting version check at https://raw.githubusercontent.com/ObscuriaLithium/Home/main/obscure_api/versions.json
[26Sep2025 01:58:11.629] [Forge Version Check/WARN] [net.minecraftforge.fml.VersionChecker/]: Failed to process update information
com.google.gson.JsonSyntaxException: java.lang.IllegalStateException: Expected BEGIN_OBJECT but was NUMBER at line 1 column 4 path $
	at com.google.gson.Gson.fromJson(Gson.java:1226) ~[gson-2.10.jar%2372!/:?]
	at com.google.gson.Gson.fromJson(Gson.java:1124) ~[gson-2.10.jar%2372!/:?]
	at com.google.gson.Gson.fromJson(Gson.java:1034) ~[gson-2.10.jar%2372!/:?]
	at com.google.gson.Gson.fromJson(Gson.java:969) ~[gson-2.10.jar%2372!/:?]
	at net.minecraftforge.fml.VersionChecker$1.process(VersionChecker.java:186) ~[fmlcore-1.20.1-47.4.0.jar%23314!/:?]
	at java.lang.Iterable.forEach(Iterable.java:75) ~[?:?]
	at net.minecraftforge.fml.VersionChecker$1.run(VersionChecker.java:117) ~[fmlcore-1.20.1-47.4.0.jar%23314!/:?]
Caused by: java.lang.IllegalStateException: Expected BEGIN_OBJECT but was NUMBER at line 1 column 4 path $
	at com.google.gson.stream.JsonReader.beginObject(JsonReader.java:393) ~[gson-2.10.jar%2372!/:?]
	at com.google.gson.internal.bind.MapTypeAdapterFactory$Adapter.read(MapTypeAdapterFactory.java:182) ~[gson-2.10.jar%2372!/:?]
	at com.google.gson.internal.bind.MapTypeAdapterFactory$Adapter.read(MapTypeAdapterFactory.java:144) ~[gson-2.10.jar%2372!/:?]
	at com.google.gson.Gson.fromJson(Gson.java:1214) ~[gson-2.10.jar%2372!/:?]
	... 6 more
[26Sep2025 01:58:11.629] [Forge Version Check/INFO] [net.minecraftforge.fml.VersionChecker/]: [clumps] Starting version check at https://updates.blamejared.com/get?n=clumps&gv=1.20.1
[26Sep2025 01:58:11.653] [modloading-worker-0/INFO] [com.eeeab.eeeabsmobs.EEEABMobs/]: Registering custom criteria trigger...
[26Sep2025 01:58:11.656] [modloading-worker-0/INFO] [AttributeFix/]: Loaded values for 64 compatible attributes.
[26Sep2025 01:58:11.659] [modloading-worker-0/INFO] [AttributeFix/]: Loaded 64 values from config.
[26Sep2025 01:58:11.673] [modloading-worker-0/INFO] [AttributeFix/]: Saving config file. 64 entries.
[26Sep2025 01:58:11.675] [modloading-worker-0/INFO] [AttributeFix/]: Applying changes for 64 attributes.
[26Sep2025 01:58:11.729] [Forge Version Check/INFO] [net.minecraftforge.fml.VersionChecker/]: [clumps] Found status: BETA Current: 12.0.0.4 Target: 12.0.0.4
[26Sep2025 01:58:11.729] [Forge Version Check/INFO] [net.minecraftforge.fml.VersionChecker/]: [forge] Starting version check at https://files.minecraftforge.net/net/minecraftforge/forge/promotions_slim.json
[26Sep2025 01:58:11.826] [Forge Version Check/INFO] [net.minecraftforge.fml.VersionChecker/]: [forge] Found status: UP_TO_DATE Current: 47.4.0 Target: null
[26Sep2025 01:58:11.826] [Forge Version Check/INFO] [net.minecraftforge.fml.VersionChecker/]: [voicechat] Starting version check at https://update.maxhenkel.de/forge/voicechat
[26Sep2025 01:58:12.303] [main/INFO] [com.mojang.authlib.yggdrasil.YggdrasilAuthenticationService/]: Environment: authHost='https://authserver.mojang.com', accountsHost='https://api.mojang.com', sessionHost='https://sessionserver.mojang.com', servicesHost='https://api.minecraftservices.com', name='PROD'
[26Sep2025 01:58:12.448] [Forge Version Check/INFO] [net.minecraftforge.fml.VersionChecker/]: [voicechat] Found status: OUTDATED Current: 1.20.1-2.5.30 Target: 1.20.1-2.6.4
[26Sep2025 01:58:12.448] [Forge Version Check/INFO] [net.minecraftforge.fml.VersionChecker/]: [moonlight] Starting version check at https://raw.githubusercontent.com/MehVahdJukaar/Moonlight/multi-loader/forge/update.json
[26Sep2025 01:58:12.459] [Forge Version Check/INFO] [net.minecraftforge.fml.VersionChecker/]: [moonlight] Found status: BETA Current: 1.20-2.14.1 Target: null
[26Sep2025 01:58:12.459] [Forge Version Check/INFO] [net.minecraftforge.fml.VersionChecker/]: [securitycraft] Starting version check at https://www.github.com/Geforce132/SecurityCraft/raw/master/Updates/Forge.json
[26Sep2025 01:58:12.554] [Forge Version Check/INFO] [net.minecraftforge.fml.VersionChecker/]: [securitycraft] Found status: UP_TO_DATE Current: 1.10.0.1 Target: null
[26Sep2025 01:58:12.554] [Forge Version Check/INFO] [net.minecraftforge.fml.VersionChecker/]: [aquamirae] Starting version check at https://raw.githubusercontent.com/ObscuriaLithium/Home/main/aquamirae/versions.json
[26Sep2025 01:58:12.564] [Forge Version Check/WARN] [net.minecraftforge.fml.VersionChecker/]: Failed to process update information
com.google.gson.JsonSyntaxException: java.lang.IllegalStateException: Expected BEGIN_OBJECT but was NUMBER at line 1 column 4 path $
	at com.google.gson.Gson.fromJson(Gson.java:1226) ~[gson-2.10.jar%2372!/:?]
	at com.google.gson.Gson.fromJson(Gson.java:1124) ~[gson-2.10.jar%2372!/:?]
	at com.google.gson.Gson.fromJson(Gson.java:1034) ~[gson-2.10.jar%2372!/:?]
	at com.google.gson.Gson.fromJson(Gson.java:969) ~[gson-2.10.jar%2372!/:?]
	at net.minecraftforge.fml.VersionChecker$1.process(VersionChecker.java:186) ~[fmlcore-1.20.1-47.4.0.jar%23314!/:?]
	at java.lang.Iterable.forEach(Iterable.java:75) ~[?:?]
	at net.minecraftforge.fml.VersionChecker$1.run(VersionChecker.java:117) ~[fmlcore-1.20.1-47.4.0.jar%23314!/:?]
Caused by: java.lang.IllegalStateException: Expected BEGIN_OBJECT but was NUMBER at line 1 column 4 path $
	at com.google.gson.stream.JsonReader.beginObject(JsonReader.java:393) ~[gson-2.10.jar%2372!/:?]
	at com.google.gson.internal.bind.MapTypeAdapterFactory$Adapter.read(MapTypeAdapterFactory.java:182) ~[gson-2.10.jar%2372!/:?]
	at com.google.gson.internal.bind.MapTypeAdapterFactory$Adapter.read(MapTypeAdapterFactory.java:144) ~[gson-2.10.jar%2372!/:?]
	at com.google.gson.Gson.fromJson(Gson.java:1214) ~[gson-2.10.jar%2372!/:?]
	... 6 more
[26Sep2025 01:58:12.720] [main/WARN] [net.minecraft.server.packs.VanillaPackResourcesBuilder/]: Assets URL 'union:/workspaces/SERVER/servidor_minecraft/libraries/net/minecraft/server/1.20.1-20230612.114412/server-1.20.1-20230612.114412-srg.jar%23313!/assets/.mcassetsroot' uses unexpected schema
[26Sep2025 01:58:12.721] [main/WARN] [net.minecraft.server.packs.VanillaPackResourcesBuilder/]: Assets URL 'union:/workspaces/SERVER/servidor_minecraft/libraries/net/minecraft/server/1.20.1-20230612.114412/server-1.20.1-20230612.114412-srg.jar%23313!/data/.mcassetsroot' uses unexpected schema
[26Sep2025 01:58:12.838] [main/INFO] [com.simibubi.create.Create/]: Created 419 recipes which will be injected into the game
[26Sep2025 01:58:12.848] [main/INFO] [com.simibubi.create.Create/]: Created 26 tags which will be injected into the game
[26Sep2025 01:58:14.915] [main/INFO] [com.github.alexthe666.alexsmobs.AlexsMobs/]: Adding datapack listener capsid_recipes
[26Sep2025 01:58:15.050] [Worker-Main-2/ERROR] [net.minecraft.tags.TagLoader/]: Couldn't load tag legendary_monsters:ancient_stronghold_biomes as it is missing following references: minecraft:spruce_forest (from legendarymonsters-1.9.4 MC 1.20.1.jar)
[26Sep2025 01:58:15.113] [Worker-Main-3/ERROR] [net.minecraft.tags.TagLoader/]: Couldn't load tag farmersdelight:tools/knives as it is missing following references: scguns:anthralite_knife (from ScorchedGuns-0.4.1-1.20.1.jar)
[26Sep2025 01:58:15.941] [Worker-Main-1/INFO] [Mantle/]: Loaded 20 loot table injectors injecting into 18 tables in 9.917921 ms
[26Sep2025 01:58:16.011] [Worker-Main-3/ERROR] [net.minecraftforge.common.ForgeHooks/]: Couldn't parse element loot_tables:simplyswords:grant_book_on_first_join
com.google.gson.JsonSyntaxException: Expected name to be an item, was unknown string 'patchouli:guide_book'
	at net.minecraft.util.GsonHelper.m_13866_(GsonHelper.java:145) ~[server-1.20.1-20230612.114412-srg.jar%23313!/:?]
	at java.util.Optional.orElseThrow(Optional.java:403) ~[?:?]
	at net.minecraft.util.GsonHelper.m_13874_(GsonHelper.java:145) ~[server-1.20.1-20230612.114412-srg.jar%23313!/:?]
	at net.minecraft.util.GsonHelper.m_13909_(GsonHelper.java:153) ~[server-1.20.1-20230612.114412-srg.jar%23313!/:?]
	at net.minecraft.world.level.storage.loot.entries.LootItem$Serializer.m_7267_(LootItem.java:55) ~[server-1.20.1-20230612.114412-srg.jar%23313!/:?]
	at net.minecraft.world.level.storage.loot.entries.LootItem$Serializer.m_7267_(LootItem.java:40) ~[server-1.20.1-20230612.114412-srg.jar%23313!/:?]
	at net.minecraft.world.level.storage.loot.entries.LootPoolSingletonContainer$Serializer.m_5921_(LootPoolSingletonContainer.java:151) ~[server-1.20.1-20230612.114412-srg.jar%23313!/:?]
	at net.minecraft.world.level.storage.loot.entries.LootPoolSingletonContainer$Serializer.m_5921_(LootPoolSingletonContainer.java:129) ~[server-1.20.1-20230612.114412-srg.jar%23313!/:?]
	at net.minecraft.world.level.storage.loot.entries.LootPoolEntryContainer$Serializer.m_7561_(LootPoolEntryContainer.java:86) ~[server-1.20.1-20230612.114412-srg.jar%23313!/:?]
	at net.minecraft.world.level.storage.loot.entries.LootPoolEntryContainer$Serializer.m_7561_(LootPoolEntryContainer.java:74) ~[server-1.20.1-20230612.114412-srg.jar%23313!/:?]
	at net.minecraft.world.level.storage.loot.GsonAdapterFactory$JsonAdapter.deserialize(GsonAdapterFactory.java:102) ~[server-1.20.1-20230612.114412-srg.jar%23313!/:?]
	at com.google.gson.internal.bind.TreeTypeAdapter.read(TreeTypeAdapter.java:76) ~[gson-2.10.jar%2372!/:?]
	at com.google.gson.internal.bind.TypeAdapterRuntimeTypeWrapper.read(TypeAdapterRuntimeTypeWrapper.java:40) ~[gson-2.10.jar%2372!/:?]
	at com.google.gson.internal.bind.ArrayTypeAdapter.read(ArrayTypeAdapter.java:72) ~[gson-2.10.jar%2372!/:?]
	at com.google.gson.Gson.fromJson(Gson.java:1214) ~[gson-2.10.jar%2372!/:?]
	at com.google.gson.Gson.fromJson(Gson.java:1319) ~[gson-2.10.jar%2372!/:?]
	at com.google.gson.Gson.fromJson(Gson.java:1290) ~[gson-2.10.jar%2372!/:?]
	at com.google.gson.internal.bind.TreeTypeAdapter$GsonContextImpl.deserialize(TreeTypeAdapter.java:179) ~[gson-2.10.jar%2372!/:?]
	at net.minecraft.util.GsonHelper.m_13808_(GsonHelper.java:463) ~[server-1.20.1-20230612.114412-srg.jar%23313!/:?]
	at net.minecraft.util.GsonHelper.m_13836_(GsonHelper.java:471) ~[server-1.20.1-20230612.114412-srg.jar%23313!/:?]
	at net.minecraft.world.level.storage.loot.LootPool$Serializer.deserialize(LootPool.java:192) ~[server-1.20.1-20230612.114412-srg.jar%23313!/:?]
	at net.minecraft.world.level.storage.loot.LootPool$Serializer.deserialize(LootPool.java:189) ~[server-1.20.1-20230612.114412-srg.jar%23313!/:?]
	at com.google.gson.internal.bind.TreeTypeAdapter.read(TreeTypeAdapter.java:76) ~[gson-2.10.jar%2372!/:?]
	at com.google.gson.internal.bind.TypeAdapterRuntimeTypeWrapper.read(TypeAdapterRuntimeTypeWrapper.java:40) ~[gson-2.10.jar%2372!/:?]
	at com.google.gson.internal.bind.ArrayTypeAdapter.read(ArrayTypeAdapter.java:72) ~[gson-2.10.jar%2372!/:?]
	at com.google.gson.Gson.fromJson(Gson.java:1214) ~[gson-2.10.jar%2372!/:?]
	at com.google.gson.Gson.fromJson(Gson.java:1319) ~[gson-2.10.jar%2372!/:?]
	at com.google.gson.Gson.fromJson(Gson.java:1290) ~[gson-2.10.jar%2372!/:?]
	at com.google.gson.internal.bind.TreeTypeAdapter$GsonContextImpl.deserialize(TreeTypeAdapter.java:179) ~[gson-2.10.jar%2372!/:?]
	at net.minecraft.util.GsonHelper.m_13808_(GsonHelper.java:463) ~[server-1.20.1-20230612.114412-srg.jar%23313!/:?]
	at net.minecraft.util.GsonHelper.m_13845_(GsonHelper.java:481) ~[server-1.20.1-20230612.114412-srg.jar%23313!/:?]
	at net.minecraft.world.level.storage.loot.LootTable$Serializer.deserialize(LootTable.java:294) ~[server-1.20.1-20230612.114412-srg.jar%23313!/:?]
	at net.minecraft.world.level.storage.loot.LootTable$Serializer.deserialize(LootTable.java:291) ~[server-1.20.1-20230612.114412-srg.jar%23313!/:?]
	at com.google.gson.internal.bind.TreeTypeAdapter.read(TreeTypeAdapter.java:76) ~[gson-2.10.jar%2372!/:?]
	at com.google.gson.Gson.fromJson(Gson.java:1214) ~[gson-2.10.jar%2372!/:?]
	at com.google.gson.Gson.fromJson(Gson.java:1319) ~[gson-2.10.jar%2372!/:?]
	at com.google.gson.Gson.fromJson(Gson.java:1261) ~[gson-2.10.jar%2372!/:?]
	at net.minecraftforge.common.ForgeHooks.loadLootTable(ForgeHooks.java:871) ~[forge-1.20.1-47.4.0-universal.jar%23318!/:?]
	at net.minecraftforge.common.ForgeHooks.lambda$getLootTableDeserializer$3(ForgeHooks.java:848) ~[forge-1.20.1-47.4.0-universal.jar%23318!/:?]
	at net.minecraft.world.level.storage.loot.LootDataType.deserialize(LootDataType.java:45) ~[server-1.20.1-20230612.114412-srg.jar%23313!/:?]
	at net.minecraft.world.level.storage.loot.LootDataManager.lambda$scheduleElementParse$4(LootDataManager.java:56) ~[server-1.20.1-20230612.114412-srg.jar%23313!/:?]
	at java.util.HashMap.forEach(HashMap.java:1421) ~[?:?]
	at net.minecraft.world.level.storage.loot.LootDataManager.m_278660_(LootDataManager.java:55) ~[server-1.20.1-20230612.114412-srg.jar%23313!/:?]
	at java.util.concurrent.CompletableFuture$AsyncRun.run(CompletableFuture.java:1804) ~[?:?]
	at java.util.concurrent.CompletableFuture$AsyncRun.exec(CompletableFuture.java:1796) ~[?:?]
	at java.util.concurrent.ForkJoinTask.doExec(ForkJoinTask.java:373) ~[?:?]
	at java.util.concurrent.ForkJoinPool$WorkQueue.topLevelExec(ForkJoinPool.java:1182) ~[?:?]
	at java.util.concurrent.ForkJoinPool.scan(ForkJoinPool.java:1655) ~[?:?]
	at java.util.concurrent.ForkJoinPool.runWorker(ForkJoinPool.java:1622) ~[?:?]
	at java.util.concurrent.ForkJoinWorkerThread.run(ForkJoinWorkerThread.java:165) ~[?:?]
[26Sep2025 01:58:18.553] [main/WARN] [net.minecraft.world.level.storage.loot.LootDataManager/]: Found loot table element validation problem in {loot_tables:sons_of_sins:entities/walking_bed}.pools[0].entries[0].functions[1]: Parameters [<parameter minecraft:tool>] are not provided in this context
[26Sep2025 01:58:18.553] [main/WARN] [net.minecraft.world.level.storage.loot.LootDataManager/]: Found loot table element validation problem in {loot_tables:sons_of_sins:entities/blud}.pools[0].entries[0].functions[1]: Parameters [<parameter minecraft:tool>] are not provided in this context
[26Sep2025 01:58:18.554] [main/WARN] [net.minecraft.world.level.storage.loot.LootDataManager/]: Found loot table element validation problem in {loot_tables:sons_of_sins:entities/prowler}.pools[0].entries[0].functions[1]: Parameters [<parameter minecraft:tool>] are not provided in this context
[26Sep2025 01:58:18.554] [main/WARN] [net.minecraft.world.level.storage.loot.LootDataManager/]: Found loot table element validation problem in {loot_tables:sons_of_sins:entities/butcher}.pools[0].entries[0].functions[1]: Parameters [<parameter minecraft:tool>] are not provided in this context
[26Sep2025 01:58:18.554] [main/WARN] [net.minecraft.world.level.storage.loot.LootDataManager/]: Found loot table element validation problem in {loot_tables:alexsmobs:gameplay/seal_reward}.pools[0].entries[0]->{minecraft:gameplay/fishing/junk}.pools[1].condition[1]: Parameters [<parameter minecraft:origin>] are not provided in this context
[26Sep2025 01:58:18.631] [main/ERROR] [net.minecraft.world.item.crafting.RecipeManager/]: Parsing error loading recipe scguns:create/anthralite_ingot_from_smelting_crushed_raw_anthralite: com.google.gson.JsonSyntaxException: Unknown condition type: scguns:create_mod_loaded
[26Sep2025 01:58:18.643] [main/ERROR] [net.minecraft.world.item.crafting.RecipeManager/]: Parsing error loading recipe scguns:immersiveengineering/crusher/ingot_anthralite: com.google.gson.JsonSyntaxException: Invalid or unsupported recipe type 'immersiveengineering:crusher'
[26Sep2025 01:58:18.652] [main/ERROR] [net.minecraft.world.item.crafting.RecipeManager/]: Parsing error loading recipe scguns:immersiveengineering/metalpress/medium_brass_casing: com.google.gson.JsonSyntaxException: Invalid or unsupported recipe type 'immersiveengineering:metal_press'
[26Sep2025 01:58:18.653] [main/ERROR] [net.minecraft.world.item.crafting.RecipeManager/]: Parsing error loading recipe scguns:immersiveengineering/hammercrushing/hammercrushing_anthralite_2: com.google.gson.JsonSyntaxException: Invalid or unsupported recipe type 'immersiveengineering:hammer_crushing'
[26Sep2025 01:58:18.656] [main/ERROR] [net.minecraft.world.item.crafting.RecipeManager/]: Parsing error loading recipe scguns:immersiveengineering/metalpress/small_brass_casing: com.google.gson.JsonSyntaxException: Invalid or unsupported recipe type 'immersiveengineering:metal_press'
[26Sep2025 01:58:18.657] [main/ERROR] [net.minecraft.world.item.crafting.RecipeManager/]: Parsing error loading recipe scorched_guns_blueprint_recipes:sculkbp_recipe: com.google.gson.JsonSyntaxException: Unknown item 'scguns:sculk_blueprint'
[26Sep2025 01:58:18.662] [main/ERROR] [net.minecraft.world.item.crafting.RecipeManager/]: Parsing error loading recipe scguns:mekanism/clump/from_raw_block: com.google.gson.JsonSyntaxException: Invalid or unsupported recipe type 'mekanism:purifying'
[26Sep2025 01:58:18.675] [main/ERROR] [net.minecraft.world.item.crafting.RecipeManager/]: Parsing error loading recipe scguns:mekanism/ore/deepslate_from_raw: com.google.gson.JsonSyntaxException: Invalid or unsupported recipe type 'mekanism:combining'
[26Sep2025 01:58:18.676] [main/ERROR] [net.minecraft.world.item.crafting.RecipeManager/]: Parsing error loading recipe scguns:mekanism/shard/from_raw_block: com.google.gson.JsonSyntaxException: Invalid or unsupported recipe type 'mekanism:injecting'
[26Sep2025 01:58:18.678] [main/ERROR] [net.minecraft.world.item.crafting.RecipeManager/]: Parsing error loading recipe scguns:create/charging/shock_cell: com.google.gson.JsonSyntaxException: Invalid or unsupported recipe type 'createaddition:charging'
[26Sep2025 01:58:18.679] [main/ERROR] [net.minecraft.world.item.crafting.RecipeManager/]: Parsing error loading recipe scguns:create/charging/depleted_energy_core: com.google.gson.JsonSyntaxException: Invalid or unsupported recipe type 'createaddition:charging'
[26Sep2025 01:58:18.680] [main/ERROR] [net.minecraft.world.item.crafting.RecipeManager/]: Parsing error loading recipe scguns:immersiveengineering/hammercrushing/hammercrushing_anthralite: com.google.gson.JsonSyntaxException: Invalid or unsupported recipe type 'immersiveengineering:hammer_crushing'
[26Sep2025 01:58:18.681] [main/ERROR] [net.minecraft.world.item.crafting.RecipeManager/]: Parsing error loading recipe scguns:create/recycling/callwell_conversion_recycling: com.google.gson.JsonSyntaxException: Unknown item 'scguns:sawed_off_callwell'
[26Sep2025 01:58:18.682] [main/INFO] [net.minecraft.world.item.crafting.RecipeManager/]: Skipping loading recipe twilightforest:jeed/frosted as it's serializer returned null
[26Sep2025 01:58:18.684] [main/ERROR] [net.minecraft.world.item.crafting.RecipeManager/]: Parsing error loading recipe scguns:create/energizing/plasma_block: com.google.gson.JsonSyntaxException: Invalid or unsupported recipe type 'create_new_age:energising'
[26Sep2025 01:58:18.691] [main/INFO] [net.minecraft.world.item.crafting.RecipeManager/]: Skipping loading recipe twilightforest:jeed/hunger as it's serializer returned null
[26Sep2025 01:58:18.694] [main/ERROR] [net.minecraft.world.item.crafting.RecipeManager/]: Parsing error loading recipe scguns:immersiveengineering/metalpress/small_iron_casing: com.google.gson.JsonSyntaxException: Invalid or unsupported recipe type 'immersiveengineering:metal_press'
[26Sep2025 01:58:18.699] [main/ERROR] [net.minecraft.world.item.crafting.RecipeManager/]: Parsing error loading recipe scguns:create/charging/charged_amethyst_shard: com.google.gson.JsonSyntaxException: Invalid or unsupported recipe type 'createaddition:charging'
[26Sep2025 01:58:18.703] [main/ERROR] [net.minecraft.world.item.crafting.RecipeManager/]: Parsing error loading recipe scguns:mekanism/dust/from_ore: com.google.gson.JsonSyntaxException: Invalid or unsupported recipe type 'mekanism:enriching'
[26Sep2025 01:58:18.708] [main/ERROR] [net.minecraft.world.item.crafting.RecipeManager/]: Parsing error loading recipe createoreexcavation:ore_vein_type/vehement_coal: com.google.gson.JsonSyntaxException: Invalid or unsupported recipe type 'createoreexcavation:vein'
[26Sep2025 01:58:18.716] [main/ERROR] [net.minecraft.world.item.crafting.RecipeManager/]: Parsing error loading recipe legendary_monsters:ancient_dripstone_brick_stairs_left: com.google.gson.JsonSyntaxException: Unknown item 'legendary_monsters:ancient_dripstone_brick'
[26Sep2025 01:58:18.722] [main/ERROR] [net.minecraft.world.item.crafting.RecipeManager/]: Parsing error loading recipe createoreexcavation:ore_vein_type/phosphor: com.google.gson.JsonSyntaxException: Invalid or unsupported recipe type 'createoreexcavation:vein'
[26Sep2025 01:58:18.727] [main/ERROR] [net.minecraft.world.item.crafting.RecipeManager/]: Parsing error loading recipe legendary_monsters:dinosaur_bone_meal: com.google.gson.JsonSyntaxException: Unknown item 'legendary_monsters:dinosaur_bone_meal'
[26Sep2025 01:58:18.731] [main/ERROR] [net.minecraft.world.item.crafting.RecipeManager/]: Parsing error loading recipe scguns:immersiveengineering/metalpress/heavy_gun_parts: com.google.gson.JsonSyntaxException: Invalid or unsupported recipe type 'immersiveengineering:metal_press'
[26Sep2025 01:58:18.733] [main/ERROR] [net.minecraft.world.item.crafting.RecipeManager/]: Parsing error loading recipe scguns:create/mechanical_crafting/prima_materia: com.google.gson.JsonSyntaxException: Invalid pattern: each row must be the same width
[26Sep2025 01:58:18.735] [main/ERROR] [net.minecraft.world.item.crafting.RecipeManager/]: Parsing error loading recipe scguns:mekanism/shard/from_raw_ore: com.google.gson.JsonSyntaxException: Invalid or unsupported recipe type 'mekanism:injecting'
[26Sep2025 01:58:18.738] [main/ERROR] [net.minecraft.world.item.crafting.RecipeManager/]: Parsing error loading recipe scguns:immersiveengineering/metalpress/empty_cell: com.google.gson.JsonSyntaxException: Invalid or unsupported recipe type 'immersiveengineering:metal_press'
[26Sep2025 01:58:18.740] [main/ERROR] [net.minecraft.world.item.crafting.RecipeManager/]: Parsing error loading recipe scguns:create/energizing/plasma: com.google.gson.JsonSyntaxException: Invalid or unsupported recipe type 'create_new_age:energising'
[26Sep2025 01:58:18.741] [main/ERROR] [net.minecraft.world.item.crafting.RecipeManager/]: Parsing error loading recipe scguns:immersiveengineering/metalpress/small_diamond_steel_casing: com.google.gson.JsonSyntaxException: Invalid or unsupported recipe type 'immersiveengineering:metal_press'
[26Sep2025 01:58:18.743] [main/INFO] [net.minecraft.world.item.crafting.RecipeManager/]: Skipping loading recipe twilightforest:jeed/blindness as it's serializer returned null
[26Sep2025 01:58:18.754] [main/ERROR] [net.minecraft.world.item.crafting.RecipeManager/]: Parsing error loading recipe scguns:mekanism/dust/from_raw_block: com.google.gson.JsonSyntaxException: Invalid or unsupported recipe type 'mekanism:enriching'
[26Sep2025 01:58:18.755] [main/ERROR] [net.minecraft.world.item.crafting.RecipeManager/]: Parsing error loading recipe scguns:create/energizing/shock_cell: com.google.gson.JsonSyntaxException: Invalid or unsupported recipe type 'create_new_age:energising'
[26Sep2025 01:58:18.759] [main/ERROR] [net.minecraft.world.item.crafting.RecipeManager/]: Parsing error loading recipe createoreexcavation:drilling/phosphor: com.google.gson.JsonSyntaxException: Invalid or unsupported recipe type 'createoreexcavation:drilling'
[26Sep2025 01:58:18.760] [main/INFO] [net.minecraft.world.item.crafting.RecipeManager/]: Skipping loading recipe twilightforest:jeed/poison as it's serializer returned null
[26Sep2025 01:58:18.761] [main/ERROR] [net.minecraft.world.item.crafting.RecipeManager/]: Parsing error loading recipe scguns:mekanism/shard/from_ore: com.google.gson.JsonSyntaxException: Invalid or unsupported recipe type 'mekanism:injecting'
[26Sep2025 01:58:18.770] [main/ERROR] [net.minecraft.world.item.crafting.RecipeManager/]: Parsing error loading recipe createoreexcavation:drilling/anthralite: com.google.gson.JsonSyntaxException: Invalid or unsupported recipe type 'createoreexcavation:drilling'
[26Sep2025 01:58:18.777] [main/ERROR] [net.minecraft.world.item.crafting.RecipeManager/]: Parsing error loading recipe scguns:immersiveengineering/hammercrushing/hammercrushing_anthralite_raw: com.google.gson.JsonSyntaxException: Invalid or unsupported recipe type 'immersiveengineering:hammer_crushing'
[26Sep2025 01:58:18.779] [main/ERROR] [net.minecraft.world.item.crafting.RecipeManager/]: Parsing error loading recipe scguns:immersiveengineering/crusher/raw_anthralite: com.google.gson.JsonSyntaxException: Invalid or unsupported recipe type 'immersiveengineering:crusher'
[26Sep2025 01:58:18.780] [main/ERROR] [net.minecraft.world.item.crafting.RecipeManager/]: Parsing error loading recipe scguns:immersiveengineering/hammercrushing/hammercrushing_sulfur_chunk: com.google.gson.JsonSyntaxException: Invalid or unsupported recipe type 'immersiveengineering:hammer_crushing'
[26Sep2025 01:58:18.781] [main/ERROR] [net.minecraft.world.item.crafting.RecipeManager/]: Parsing error loading recipe scguns:mekanism/clump/from_raw_ore: com.google.gson.JsonSyntaxException: Invalid or unsupported recipe type 'mekanism:purifying'
[26Sep2025 01:58:18.783] [main/ERROR] [net.minecraft.world.item.crafting.RecipeManager/]: Parsing error loading recipe scguns:immersiveengineering/hammercrushing/hammercrushing_sulfur: com.google.gson.JsonSyntaxException: Invalid or unsupported recipe type 'immersiveengineering:hammer_crushing'
[26Sep2025 01:58:18.787] [main/ERROR] [net.minecraft.world.item.crafting.RecipeManager/]: Parsing error loading recipe scguns:create/energizing/charged_amethyst_shard: com.google.gson.JsonSyntaxException: Invalid or unsupported recipe type 'create_new_age:energising'
[26Sep2025 01:58:18.790] [main/ERROR] [net.minecraft.world.item.crafting.RecipeManager/]: Parsing error loading recipe scguns:create/energizing/depleted_energy_core: com.google.gson.JsonSyntaxException: Invalid or unsupported recipe type 'create_new_age:energising'
[26Sep2025 01:58:18.793] [main/ERROR] [net.minecraft.world.item.crafting.RecipeManager/]: Parsing error loading recipe scguns:mekanism/clump/from_ore: com.google.gson.JsonSyntaxException: Invalid or unsupported recipe type 'mekanism:purifying'
[26Sep2025 01:58:18.794] [main/ERROR] [net.minecraft.world.item.crafting.RecipeManager/]: Parsing error loading recipe scguns:anthralite/anthralite_knife_smithing: com.google.gson.JsonSyntaxException: Unknown item 'farmersdelight:iron_knife'
[26Sep2025 01:58:18.795] [main/ERROR] [net.minecraft.world.item.crafting.RecipeManager/]: Parsing error loading recipe scguns:create/anthralite_ingot_from_blasting_crushed_raw_anthralite: com.google.gson.JsonSyntaxException: Unknown condition type: scguns:create_mod_loaded
[26Sep2025 01:58:18.799] [main/ERROR] [net.minecraft.world.item.crafting.RecipeManager/]: Parsing error loading recipe scguns:immersiveengineering/hammercrushing/hammercrushing_sulfur_3: com.google.gson.JsonSyntaxException: Invalid or unsupported recipe type 'immersiveengineering:hammer_crushing'
[26Sep2025 01:58:18.799] [main/ERROR] [net.minecraft.world.item.crafting.RecipeManager/]: Parsing error loading recipe scguns:immersiveengineering/hammercrushing/hammercrushing_sulfur_2: com.google.gson.JsonSyntaxException: Invalid or unsupported recipe type 'immersiveengineering:hammer_crushing'
[26Sep2025 01:58:18.800] [main/ERROR] [net.minecraft.world.item.crafting.RecipeManager/]: Parsing error loading recipe scguns:immersiveengineering/metalpress/large_brass_casing: com.google.gson.JsonSyntaxException: Invalid or unsupported recipe type 'immersiveengineering:metal_press'
[26Sep2025 01:58:18.804] [main/INFO] [net.minecraft.world.item.crafting.RecipeManager/]: Skipping loading recipe twilightforest:jeed/resistance as it's serializer returned null
[26Sep2025 01:58:18.809] [main/ERROR] [net.minecraft.world.item.crafting.RecipeManager/]: Parsing error loading recipe scguns:create/charging/plasma_core: com.google.gson.JsonSyntaxException: Invalid or unsupported recipe type 'createaddition:charging'
[26Sep2025 01:58:18.809] [main/ERROR] [net.minecraft.world.item.crafting.RecipeManager/]: Parsing error loading recipe createoreexcavation:ore_vein_type/sulfur: com.google.gson.JsonSyntaxException: Invalid or unsupported recipe type 'createoreexcavation:vein'
[26Sep2025 01:58:18.810] [main/ERROR] [net.minecraft.world.item.crafting.RecipeManager/]: Parsing error loading recipe scguns:immersiveengineering/crusher/chunk_sulfur: com.google.gson.JsonSyntaxException: Invalid or unsupported recipe type 'immersiveengineering:crusher'
[26Sep2025 01:58:18.811] [main/ERROR] [net.minecraft.world.item.crafting.RecipeManager/]: Parsing error loading recipe scguns:immersiveengineering/metalpress/large_iron_casing: com.google.gson.JsonSyntaxException: Invalid or unsupported recipe type 'immersiveengineering:metal_press'
[26Sep2025 01:58:18.812] [main/ERROR] [net.minecraft.world.item.crafting.RecipeManager/]: Parsing error loading recipe scguns:immersiveengineering/metalpress/medium_diamond_steel_casing: com.google.gson.JsonSyntaxException: Invalid or unsupported recipe type 'immersiveengineering:metal_press'
[26Sep2025 01:58:18.813] [main/ERROR] [net.minecraft.world.item.crafting.RecipeManager/]: Parsing error loading recipe scguns:mekanism/clump/from_shard: com.google.gson.JsonSyntaxException: Invalid or unsupported recipe type 'mekanism:purifying'
[26Sep2025 01:58:18.813] [main/ERROR] [net.minecraft.world.item.crafting.RecipeManager/]: Parsing error loading recipe scguns:create/charging/plasma: com.google.gson.JsonSyntaxException: Invalid or unsupported recipe type 'createaddition:charging'
[26Sep2025 01:58:18.817] [main/ERROR] [net.minecraft.world.item.crafting.RecipeManager/]: Parsing error loading recipe scguns:immersiveengineering/crusher/ore_sulfur_2: com.google.gson.JsonSyntaxException: Invalid or unsupported recipe type 'immersiveengineering:crusher'
[26Sep2025 01:58:18.817] [main/ERROR] [net.minecraft.world.item.crafting.RecipeManager/]: Parsing error loading recipe scguns:immersiveengineering/crusher/ore_sulfur_3: com.google.gson.JsonSyntaxException: Invalid or unsupported recipe type 'immersiveengineering:crusher'
[26Sep2025 01:58:18.817] [main/ERROR] [net.minecraft.world.item.crafting.RecipeManager/]: Parsing error loading recipe scguns:immersiveengineering/crusher/ore_sulfur_1: com.google.gson.JsonSyntaxException: Invalid or unsupported recipe type 'immersiveengineering:crusher'
[26Sep2025 01:58:18.819] [main/ERROR] [net.minecraft.world.item.crafting.RecipeManager/]: Parsing error loading recipe scguns:immersiveengineering/metalpress/medium_copper_casing: com.google.gson.JsonSyntaxException: Invalid or unsupported recipe type 'immersiveengineering:metal_press'
[26Sep2025 01:58:18.819] [main/ERROR] [net.minecraft.world.item.crafting.RecipeManager/]: Parsing error loading recipe legendary_monsters:purified_soul: com.google.gson.JsonSyntaxException: Invalid or unsupported recipe type 'minecraft:brewing'
[26Sep2025 01:58:18.820] [main/ERROR] [net.minecraft.world.item.crafting.RecipeManager/]: Parsing error loading recipe scguns:create/energizing/plasma_core: com.google.gson.JsonSyntaxException: Invalid or unsupported recipe type 'create_new_age:energising'
[26Sep2025 01:58:18.821] [main/ERROR] [net.minecraft.world.item.crafting.RecipeManager/]: Parsing error loading recipe createoreexcavation:drilling/sulfur: com.google.gson.JsonSyntaxException: Invalid or unsupported recipe type 'createoreexcavation:drilling'
[26Sep2025 01:58:18.826] [main/ERROR] [net.minecraft.world.item.crafting.RecipeManager/]: Parsing error loading recipe scguns:immersiveengineering/metalpress/small_copper_casing: com.google.gson.JsonSyntaxException: Invalid or unsupported recipe type 'immersiveengineering:metal_press'
[26Sep2025 01:58:18.830] [main/ERROR] [net.minecraft.world.item.crafting.RecipeManager/]: Parsing error loading recipe scguns:immersiveengineering/metalpress/gun_parts: com.google.gson.JsonSyntaxException: Invalid or unsupported recipe type 'immersiveengineering:metal_press'
[26Sep2025 01:58:18.833] [main/ERROR] [net.minecraft.world.item.crafting.RecipeManager/]: Parsing error loading recipe scguns:immersiveengineering/crusher/ore_anthralite_2: com.google.gson.JsonSyntaxException: Invalid or unsupported recipe type 'immersiveengineering:crusher'
[26Sep2025 01:58:18.833] [main/ERROR] [net.minecraft.world.item.crafting.RecipeManager/]: Parsing error loading recipe scguns:immersiveengineering/crusher/ore_anthralite_1: com.google.gson.JsonSyntaxException: Invalid or unsupported recipe type 'immersiveengineering:crusher'
[26Sep2025 01:58:18.833] [main/ERROR] [net.minecraft.world.item.crafting.RecipeManager/]: Parsing error loading recipe createoreexcavation:drilling/vehement_coal: com.google.gson.JsonSyntaxException: Invalid or unsupported recipe type 'createoreexcavation:drilling'
[26Sep2025 01:58:18.835] [main/ERROR] [net.minecraft.world.item.crafting.RecipeManager/]: Parsing error loading recipe createoreexcavation:ore_vein_type/anthralite: com.google.gson.JsonSyntaxException: Invalid or unsupported recipe type 'createoreexcavation:vein'
[26Sep2025 01:58:18.835] [main/ERROR] [net.minecraft.world.item.crafting.RecipeManager/]: Parsing error loading recipe scguns:mekanism/dirty_dust/from_clump: com.google.gson.JsonSyntaxException: Invalid or unsupported recipe type 'mekanism:crushing'
[26Sep2025 01:58:18.836] [main/ERROR] [net.minecraft.world.item.crafting.RecipeManager/]: Parsing error loading recipe scguns:mekanism/dust/from_ingot: com.google.gson.JsonSyntaxException: Invalid or unsupported recipe type 'mekanism:crushing'
[26Sep2025 01:58:18.838] [main/ERROR] [net.minecraft.world.item.crafting.RecipeManager/]: Parsing error loading recipe scguns:mekanism/ore/from_raw: com.google.gson.JsonSyntaxException: Invalid or unsupported recipe type 'mekanism:combining'
[26Sep2025 01:58:18.841] [main/ERROR] [net.minecraft.world.item.crafting.RecipeManager/]: Parsing error loading recipe scguns:immersiveengineering/metalpress/shulker_casing: com.google.gson.JsonSyntaxException: Invalid or unsupported recipe type 'immersiveengineering:metal_press'
[26Sep2025 01:58:18.842] [main/INFO] [net.minecraft.world.item.crafting.RecipeManager/]: Skipping loading recipe twilightforest:jeed/regeneration as it's serializer returned null
[26Sep2025 01:58:18.842] [main/ERROR] [net.minecraft.world.item.crafting.RecipeManager/]: Parsing error loading recipe scguns:create/charging/plasma_block: com.google.gson.JsonSyntaxException: Invalid or unsupported recipe type 'createaddition:charging'
[26Sep2025 01:58:18.844] [main/ERROR] [net.minecraft.world.item.crafting.RecipeManager/]: Parsing error loading recipe scguns:mekanism/dust/from_dirty_dust: com.google.gson.JsonSyntaxException: Invalid or unsupported recipe type 'mekanism:enriching'
[26Sep2025 01:58:18.844] [main/INFO] [net.minecraft.world.item.crafting.RecipeManager/]: Skipping loading recipe twilightforest:jeed/slowness as it's serializer returned null
[26Sep2025 01:58:18.845] [main/ERROR] [net.minecraft.world.item.crafting.RecipeManager/]: Parsing error loading recipe scguns:mekanism/dust/from_raw_ore: com.google.gson.JsonSyntaxException: Invalid or unsupported recipe type 'mekanism:enriching'
[26Sep2025 01:58:18.849] [main/INFO] [net.minecraft.world.item.crafting.RecipeManager/]: Skipping loading recipe twilightforest:jeed/fire_resistance as it's serializer returned null
[26Sep2025 01:58:18.855] [main/INFO] [net.minecraft.world.item.crafting.RecipeManager/]: Loaded 48 recipes
[26Sep2025 01:58:19.033] [main/INFO] [net.minecraft.advancements.AdvancementList/]: Loaded 4936 advancements
[26Sep2025 01:58:19.040] [main/INFO] [placebo/]: Registered 0 additional recipes.
[26Sep2025 01:58:19.047] [main/INFO] [twilightforest/]: Loaded 9 Stalactite configs!
[26Sep2025 01:58:19.052] [main/INFO] [top.theillusivec4.curios.Curios/]: Loaded 14 curio slots
[26Sep2025 01:58:19.055] [main/ERROR] [top.theillusivec4.curios.Curios/]: talisman is not a registered slot type!
[26Sep2025 01:58:19.056] [main/INFO] [top.theillusivec4.curios.Curios/]: Loaded 1 curio entities
[26Sep2025 01:58:19.057] [main/INFO] [com.aqutheseal.celestisynth.api.misc.CodecJsonDataManager/]: Beginning loading of data for data loader: tiered_item_stats
[26Sep2025 01:58:19.057] [main/INFO] [com.aqutheseal.celestisynth.api.misc.CodecJsonDataManager/]: Data loader for tiered_item_stats loaded 0 jsons
[26Sep2025 01:58:19.069] [main/INFO] [slimeknights.mantle.fluid.transfer.FluidContainerTransferManager/]: Loaded 25 dynamic modifiers in 1.033538 ms
[26Sep2025 01:58:19.113] [main/INFO] [slimeknights.tconstruct.library.modifiers.ModifierManager/]: Loaded 134 dynamic modifiers and 4 modifier redirects in 43.62233 ms
[26Sep2025 01:58:19.117] [main/INFO] [slimeknights.tconstruct.library.modifiers.ModifierManager/]: Loaded 40 modifier tags for 139 modifiers in 4.195415 ms
[26Sep2025 01:58:19.117] [main/INFO] [slimeknights.tconstruct.library.modifiers.ModifierManager/]: Loaded 50 enchantment to modifier mappings in 0.504432 ms
[26Sep2025 01:58:19.120] [main/INFO] [tconstruct/]: Loaded 46 spilling fluids in 2.704534 ms
[26Sep2025 01:58:19.121] [main/INFO] [placebo/]: Registered 0 gear_sets.
[26Sep2025 01:58:19.134] [main/INFO] [slimeknights.tconstruct.library.materials.definition.MaterialManager/]: Loaded 49 materials in 3.807912 ms
[26Sep2025 01:58:19.135] [main/INFO] [slimeknights.tconstruct.library.materials.definition.MaterialManager/]: Loaded 1 material tags for 20 materials in 0.999334 ms
[26Sep2025 01:58:19.142] [main/INFO] [slimeknights.tconstruct.library.materials.stats.MaterialStatsManager/]: 358 stats loaded for 60 materials in 7.015646 ms
[26Sep2025 01:58:19.148] [main/INFO] [slimeknights.tconstruct.library.materials.traits.MaterialTraitsManager/]: 185 traits loaded for 60 materials in 5.555362 ms
[26Sep2025 01:58:19.158] [main/INFO] [slimeknights.tconstruct.library.tools.definition.ToolDefinitionLoader/]: Loaded 38 tool definitions in 10.361156 ms
[26Sep2025 01:58:19.162] [main/INFO] [slimeknights.tconstruct.library.tools.layout.StationSlotLayoutLoader/]: Loaded 19 station slot layouts in 3.589776 ms
[26Sep2025 01:58:19.222] [main/WARN] [ModernFix/]: Initial datapack load took 6.333 s
[26Sep2025 01:58:19.310] [Server thread/INFO] [net.minecraft.server.dedicated.DedicatedServer/]: Starting minecraft server version 1.20.1
[26Sep2025 01:58:19.310] [Server thread/INFO] [net.minecraft.server.dedicated.DedicatedServer/]: Loading properties
[26Sep2025 01:58:19.310] [Server thread/INFO] [net.minecraft.server.dedicated.DedicatedServer/]: Default game type: SURVIVAL
[26Sep2025 01:58:19.310] [Server thread/INFO] [net.minecraft.server.MinecraftServer/]: Generating keypair
[26Sep2025 01:58:19.416] [Server thread/INFO] [net.minecraft.server.dedicated.DedicatedServer/]: Starting Minecraft server on *:25565
[26Sep2025 01:58:19.431] [Server thread/INFO] [net.minecraft.server.network.ServerConnectionListener/]: Using epoll channel type
[26Sep2025 01:58:19.479] [Server thread/WARN] [net.minecraft.server.dedicated.DedicatedServer/]: **** SERVER IS RUNNING IN OFFLINE/INSECURE MODE!
[26Sep2025 01:58:19.479] [Server thread/WARN] [net.minecraft.server.dedicated.DedicatedServer/]: The server will make no attempt to authenticate usernames. Beware.
[26Sep2025 01:58:19.479] [Server thread/WARN] [net.minecraft.server.dedicated.DedicatedServer/]: While this makes the game possible to play without internet access, it also opens up the ability for hackers to connect with any username they choose.
[26Sep2025 01:58:19.480] [Server thread/WARN] [net.minecraft.server.dedicated.DedicatedServer/]: To change this, set "online-mode" to "true" in the server.properties file.
[26Sep2025 01:58:19.685] [Server thread/INFO] [spark/]: Starting background profiler...
[26Sep2025 01:58:19.932] [Thread-0/INFO] [ModernFix/]: Please use /mfsrc to reload any changed mod config files
[26Sep2025 01:58:20.267] [Server thread/INFO] [Framework/]: Loading server configs...
[26Sep2025 01:58:20.275] [Server thread/ERROR] [mixin/]: Injection error: LVT in net/minecraft/world/entity/npc/VillagerTrades$EmeraldsForVillagerTypeItem::m_213663_(Lnet/minecraft/world/entity/Entity;Lnet/minecraft/util/RandomSource;)Lnet/minecraft/world/item/trading/MerchantOffer; has incompatible changes at opcode 34 in callback fabric-object-builder-v1.mixins.json:TradeOffersTypeAwareBuyForOneEmeraldFactoryMixin->@Inject::failOnNullItem(Lnet/minecraft/world/entity/Entity;Lnet/minecraft/util/RandomSource;Lorg/spongepowered/asm/mixin/injection/callback/CallbackInfoReturnable;Lnet/minecraft/world/item/ItemStack;)V.
 Expected: [Lnet/minecraft/world/item/ItemStack;]
    Found: [Lnet/minecraft/world/item/Item;]
Available: [Lnet/minecraft/world/item/Item;, Lnet/minecraft/world/item/ItemStack;]
[26Sep2025 01:58:20.302] [Server thread/INFO] [net.minecraft.server.dedicated.DedicatedServer/]: Preparing level "world"
[26Sep2025 01:58:20.466] [Server thread/WARN] [mixin/]: Method overwrite conflict for m_140184_ in lithium.mixins.json:world.player_chunk_tick.ThreadedAnvilChunkStorageMixin, previously written by me.steinborn.krypton.mixin.shared.network.flushconsolidation.ThreadedAnvilChunkStorageMixin. Skipping method.
[26Sep2025 01:58:21.334] [Server thread/WARN] [com.structureessentials.StructureEssentials/]: Non-unique structure_set salt:0 potentially creating overlapping structures detected. Structure sets: [twilightforest:dark_tower, minecraft:mineshafts, twilightforest:final_castle, twilightforest:large_hollow_hill, twilightforest:mushroom_tower, twilightforest:hedge_maze, minecraft:buried_treasures, twilightforest:aurora_palace, twilightforest:labyrinth, twilightforest:lich_tower, twilightforest:naga_courtyard, twilightforest:yeti_cave, twilightforest:quest_grove, twilightforest:small_hollow_hill, minecraft:strongholds, twilightforest:troll_cave, twilightforest:medium_hollow_hill, twilightforest:knight_stronghold, twilightforest:hydra_lair]
[26Sep2025 01:58:21.334] [Server thread/WARN] [com.structureessentials.StructureEssentials/]: Non-unique structure_set salt:5792349 potentially creating overlapping structures detected. Structure sets: [legendary_monsters:ruined_pyramid, legendary_monsters:ancient_stronghold]
[26Sep2025 01:58:21.335] [Server thread/WARN] [com.structureessentials.StructureEssentials/]: Non-unique structure_set salt:10387313 potentially creating overlapping structures detected. Structure sets: [minecraft:ocean_monuments, minecraft:end_cities]
[26Sep2025 01:58:21.335] [Server thread/INFO] [net.minecraft.server.MinecraftServer/]: Preparing start region for dimension minecraft:overworld
[26Sep2025 01:58:21.338] [Server thread/WARN] [mixin/]: Method overwrite conflict for removeIf in lithium.mixins.json:world.chunk_tickets.SortedArraySetMixin, previously written by org.embeddedt.modernfix.common.mixin.bugfix.paper_chunk_patches.SortedArraySetMixin. Skipping method.
[26Sep2025 01:58:21.551] [Server thread/WARN] [mixin/]: @Redirect conflict. Skipping mixins.redirected_forge_1.20.1.json:net.minecraft.world.level.block.state.CacheMixin->@Redirect::redirectSupportTypes()[Lnet/minecraft/world/level/block/SupportType; with priority 10, already redirected by modernfix-common.mixins.json:perf.cache_blockstate_cache_arrays.AbstractBlockStateCacheMixin->@Redirect::getVoxelShapeValues()[Lnet/minecraft/world/level/block/SupportType; with priority 1000
[26Sep2025 01:58:24.239] [Server thread/INFO] [net.minecraft.server.level.progress.LoggerChunkProgressListener/]: Preparing spawn area: 0%
[26Sep2025 01:58:24.240] [Server thread/INFO] [net.minecraft.server.level.progress.LoggerChunkProgressListener/]: Preparing spawn area: 0%
[26Sep2025 01:58:24.241] [Server thread/INFO] [net.minecraft.server.level.progress.LoggerChunkProgressListener/]: Preparing spawn area: 0%
[26Sep2025 01:58:24.241] [Server thread/INFO] [net.minecraft.server.level.progress.LoggerChunkProgressListener/]: Preparing spawn area: 0%
[26Sep2025 01:58:24.242] [Server thread/INFO] [net.minecraft.server.level.progress.LoggerChunkProgressListener/]: Preparing spawn area: 0%
[26Sep2025 01:58:24.242] [Server thread/INFO] [net.minecraft.server.level.progress.LoggerChunkProgressListener/]: Preparing spawn area: 0%
[26Sep2025 01:58:24.338] [Server thread/INFO] [net.minecraft.server.level.progress.LoggerChunkProgressListener/]: Preparing spawn area: 0%
[26Sep2025 01:58:25.009] [Worker-Main-1/INFO] [net.minecraft.server.level.progress.LoggerChunkProgressListener/]: Preparing spawn area: 0%
[26Sep2025 01:58:25.019] [Server thread/INFO] [com.cupboard.Cupboard/]: Loaded config for: limitedchunks.json
[26Sep2025 01:58:25.108] [Server thread/INFO] [com.cupboard.Cupboard/]: Loaded config for: connectivity.json
[26Sep2025 01:58:25.347] [Worker-Main-1/INFO] [net.minecraft.server.level.progress.LoggerChunkProgressListener/]: Preparing spawn area: 83%
[26Sep2025 01:58:25.852] [Worker-Main-2/INFO] [net.minecraft.server.level.progress.LoggerChunkProgressListener/]: Preparing spawn area: 83%
[26Sep2025 01:58:26.342] [Worker-Main-3/INFO] [net.minecraft.server.level.progress.LoggerChunkProgressListener/]: Preparing spawn area: 83%
[26Sep2025 01:58:27.021] [Worker-Main-1/INFO] [net.minecraft.server.level.progress.LoggerChunkProgressListener/]: Preparing spawn area: 83%
[26Sep2025 01:58:27.337] [Worker-Main-3/INFO] [net.minecraft.server.level.progress.LoggerChunkProgressListener/]: Preparing spawn area: 83%
[26Sep2025 01:58:27.638] [Worker-Main-3/WARN] [net.minecraft.world.level.levelgen.structure.pools.JigsawPlacement/]: Empty or non-existent pool: minecraft:
[26Sep2025 01:58:27.639] [Worker-Main-3/WARN] [net.minecraft.world.level.levelgen.structure.pools.JigsawPlacement/]: Empty or non-existent pool: minecraft:
[26Sep2025 01:58:27.840] [Worker-Main-3/INFO] [net.minecraft.server.level.progress.LoggerChunkProgressListener/]: Preparing spawn area: 83%
[26Sep2025 01:58:28.341] [Worker-Main-3/INFO] [net.minecraft.server.level.progress.LoggerChunkProgressListener/]: Preparing spawn area: 83%
[26Sep2025 01:58:29.451] [Worker-Main-1/INFO] [net.minecraft.server.level.progress.LoggerChunkProgressListener/]: Preparing spawn area: 83%
[26Sep2025 01:58:29.452] [Worker-Main-2/INFO] [net.minecraft.server.level.progress.LoggerChunkProgressListener/]: Preparing spawn area: 83%
[26Sep2025 01:58:29.840] [Worker-Main-1/INFO] [net.minecraft.server.level.progress.LoggerChunkProgressListener/]: Preparing spawn area: 83%
[26Sep2025 01:58:30.379] [Worker-Main-3/INFO] [net.minecraft.server.level.progress.LoggerChunkProgressListener/]: Preparing spawn area: 83%
[26Sep2025 01:58:30.838] [Worker-Main-2/INFO] [net.minecraft.server.level.progress.LoggerChunkProgressListener/]: Preparing spawn area: 83%
[26Sep2025 01:58:31.383] [Worker-Main-2/INFO] [net.minecraft.server.level.progress.LoggerChunkProgressListener/]: Preparing spawn area: 83%
[26Sep2025 01:58:31.895] [Worker-Main-3/INFO] [net.minecraft.server.level.progress.LoggerChunkProgressListener/]: Preparing spawn area: 83%
[26Sep2025 01:58:32.337] [Worker-Main-3/INFO] [net.minecraft.server.level.progress.LoggerChunkProgressListener/]: Preparing spawn area: 83%
[26Sep2025 01:58:32.838] [Worker-Main-2/INFO] [net.minecraft.server.level.progress.LoggerChunkProgressListener/]: Preparing spawn area: 83%
[26Sep2025 01:58:33.337] [Worker-Main-2/INFO] [net.minecraft.server.level.progress.LoggerChunkProgressListener/]: Preparing spawn area: 83%
[26Sep2025 01:58:33.837] [Worker-Main-1/INFO] [net.minecraft.server.level.progress.LoggerChunkProgressListener/]: Preparing spawn area: 83%
[26Sep2025 01:58:34.348] [Worker-Main-3/INFO] [net.minecraft.server.level.progress.LoggerChunkProgressListener/]: Preparing spawn area: 83%
[26Sep2025 01:58:34.837] [Worker-Main-2/INFO] [net.minecraft.server.level.progress.LoggerChunkProgressListener/]: Preparing spawn area: 83%
[26Sep2025 01:58:35.337] [Worker-Main-2/INFO] [net.minecraft.server.level.progress.LoggerChunkProgressListener/]: Preparing spawn area: 83%
[26Sep2025 01:58:35.851] [Worker-Main-2/INFO] [net.minecraft.server.level.progress.LoggerChunkProgressListener/]: Preparing spawn area: 83%
[26Sep2025 01:58:36.389] [Worker-Main-1/INFO] [net.minecraft.server.level.progress.LoggerChunkProgressListener/]: Preparing spawn area: 83%
[26Sep2025 01:58:36.844] [Worker-Main-3/INFO] [net.minecraft.server.level.progress.LoggerChunkProgressListener/]: Preparing spawn area: 84%
[26Sep2025 01:58:37.343] [Worker-Main-1/INFO] [net.minecraft.server.level.progress.LoggerChunkProgressListener/]: Preparing spawn area: 85%
[26Sep2025 01:58:37.849] [Worker-Main-3/INFO] [net.minecraft.server.level.progress.LoggerChunkProgressListener/]: Preparing spawn area: 86%
[26Sep2025 01:58:38.341] [Worker-Main-1/INFO] [net.minecraft.server.level.progress.LoggerChunkProgressListener/]: Preparing spawn area: 88%
[26Sep2025 01:58:38.868] [Worker-Main-2/INFO] [net.minecraft.server.level.progress.LoggerChunkProgressListener/]: Preparing spawn area: 90%
[26Sep2025 01:58:39.349] [Worker-Main-1/INFO] [net.minecraft.server.level.progress.LoggerChunkProgressListener/]: Preparing spawn area: 93%
[26Sep2025 01:58:39.848] [Worker-Main-2/INFO] [net.minecraft.server.level.progress.LoggerChunkProgressListener/]: Preparing spawn area: 94%
[26Sep2025 01:58:40.339] [Worker-Main-2/INFO] [net.minecraft.server.level.progress.LoggerChunkProgressListener/]: Preparing spawn area: 96%
[26Sep2025 01:58:40.837] [Worker-Main-3/INFO] [net.minecraft.server.level.progress.LoggerChunkProgressListener/]: Preparing spawn area: 99%
[26Sep2025 01:58:40.927] [Server thread/INFO] [net.minecraft.server.level.progress.LoggerChunkProgressListener/]: Time elapsed: 19592 ms
[26Sep2025 01:58:40.928] [Server thread/INFO] [net.minecraft.server.dedicated.DedicatedServer/]: Done (21.438s)! For help, type "help"
[26Sep2025 01:58:40.999] [Server thread/INFO] [net.minecraftforge.server.permission.PermissionAPI/]: Successfully initialized permission handler forge:default_handler
[26Sep2025 01:58:41.000] [Server thread/INFO] [com.cupboard.Cupboard/]: Loaded config for: smoothchunk.json
[26Sep2025 01:58:41.001] [Server thread/INFO] [com.cupboard.Cupboard/]: Loaded config for: chunksending.json
[26Sep2025 01:58:41.110] [Server thread/INFO] [net.bettercombat.logic.WeaponRegistry/]: Encoded Weapon Attribute registry size (with package overhead): 220326 bytes (in 23 string chunks with the size of 10000)
[26Sep2025 01:58:41.111] [Server thread/WARN] [voicechat/]: [voicechat] Running in offline mode - Voice chat encryption is not secure!
[26Sep2025 01:58:41.119] [VoiceChatServerThread/INFO] [voicechat/]: [voicechat] Voice chat server started at port 24454
[26Sep2025 01:58:41.120] [Server thread/WARN] [ModernFix/]: Dedicated server took 58.871 seconds to load
[26Sep2025 02:02:47.772] [Netty Epoll Server IO #1/INFO] [mixin/]: Mixing server.MixinServerboundChatCommandPacket from mixins/common/nochatreports.mixins.json into net.minecraft.network.protocol.game.ServerboundChatCommandPacket
[26Sep2025 02:02:47.774] [Netty Epoll Server IO #1/INFO] [mixin/]: Mixing server.MixinServerboundChatPacket from mixins/common/nochatreports.mixins.json into net.minecraft.network.protocol.game.ServerboundChatPacket
[26Sep2025 02:02:47.776] [Netty Epoll Server IO #1/INFO] [mixin/]: Mixing server.MixinServerboundChatSessionUpdatePacket from mixins/common/nochatreports.mixins.json into net.minecraft.network.protocol.game.ServerboundChatSessionUpdatePacket
[26Sep2025 02:02:51.764] [Server thread/INFO] [net.minecraft.server.players.PlayerList/]: SAPEXx_[/127.98.231.168:33885] logged in with entity id 1194 at (9.5, 78.0, 3.5)
[26Sep2025 02:02:51.852] [Server thread/INFO] [ModernFix/]: Using enhanced recipe sync for player SAPEXx_
[26Sep2025 02:02:51.868] [Server thread/INFO] [net.minecraft.server.MinecraftServer/]: SAPEXx_ joined the game
[26Sep2025 02:02:53.910] [Server thread/INFO] [voicechat/]: [voicechat] Received secret request of SAPEXx_ (18)
[26Sep2025 02:02:53.912] [Server thread/INFO] [voicechat/]: [voicechat] Sent secret to SAPEXx_
[26Sep2025 02:02:54.999] [Worker-Main-13/WARN] [ModernFix/]: Skipped emitting ENTITY_MOUNT game event for entity CaveSpider['Cave Spider'/1303, l='ServerLevel[world]', x=59.50, y=-3.00, z=-206.50] as it would cause deadlock
[26Sep2025 02:02:55.193] [Worker-Main-15/WARN] [ModernFix/]: Skipped emitting ENTITY_MOUNT game event for entity Spider['Spider'/1309, l='ServerLevel[world]', x=85.50, y=-28.00, z=-198.50] as it would cause deadlock
[26Sep2025 02:03:09.031] [Server thread/INFO] [net.minecraft.world.entity.npc.Villager/]: Villager Villager['Villager'/1187, l='ServerLevel[world]', x=155.72, y=96.56, z=175.63] died, message: 'Villager suffocated in a wall'
[26Sep2025 02:03:57.277] [Server thread/INFO] [net.minecraft.world.entity.npc.Villager/]: Villager Villager['Fisherman'/1169, l='ServerLevel[world]', x=124.19, y=74.00, z=147.49] died, message: 'Fisherman was slain by Draugr'
[26Sep2025 02:04:01.886] [Server thread/INFO] [net.minecraft.world.entity.npc.Villager/]: Villager Villager['Villager'/1167, l='ServerLevel[world]', x=178.95, y=70.00, z=139.91] died, message: 'Villager was slain by Royal Draugr'
[26Sep2025 02:04:12.428] [Server thread/INFO] [net.minecraft.world.entity.npc.Villager/]: Villager Villager['Villager'/1154, l='ServerLevel[world]', x=186.72, y=70.00, z=126.63] died, message: 'Villager suffocated in a wall'
[26Sep2025 02:04:12.429] [Server thread/INFO] [net.minecraft.world.entity.npc.Villager/]: Villager Villager['Villager'/1155, l='ServerLevel[world]', x=186.72, y=70.00, z=113.63] died, message: 'Villager suffocated in a wall'
[26Sep2025 02:04:23.074] [Server thread/WARN] [net.minecraft.server.level.ServerLevel/]: Tried to add entity asphyxiation:cantbreathepassive but it was marked as removed already
[26Sep2025 02:05:09.872] [Server thread/WARN] [net.minecraft.server.level.ServerLevel/]: Tried to add entity asphyxiation:cantbreathepassive but it was marked as removed already
[26Sep2025 02:05:43.673] [Server thread/WARN] [net.minecraft.server.level.ServerLevel/]: Tried to add entity asphyxiation:cantbreathepassive but it was marked as removed already
[26Sep2025 02:06:10.926] [Server thread/INFO] [net.minecraft.world.entity.npc.Villager/]: Villager Villager['Gunsmith'/1172, l='ServerLevel[world]', x=162.56, y=75.00, z=138.66] died, message: 'Gunsmith was slain by Royal Draugr'
[26Sep2025 02:07:58.675] [Server thread/INFO] [net.minecraft.world.entity.npc.Villager/]: Villager Villager['Gunsmith'/1032, l='ServerLevel[world]', x=146.38, y=72.00, z=136.79] died, message: 'Gunsmith was slain by Royal Draugr'
[26Sep2025 02:10:14.625] [Server thread/INFO] [net.minecraft.server.network.ServerGamePacketListenerImpl/]: SAPEXx_ lost connection: Disconnected
[26Sep2025 02:10:14.626] [Server thread/INFO] [net.minecraft.server.MinecraftServer/]: SAPEXx_ left the game
[26Sep2025 02:10:14.632] [Server thread/INFO] [voicechat/]: [voicechat] Disconnecting client SAPEXx_
[26Sep2025 02:17:24.880] [Server thread/INFO] [net.minecraft.server.players.PlayerList/]: Hanny_0310[/127.114.208.59:58555] logged in with entity id 2521 at (-3.5, 239.0, 2.5)
[26Sep2025 02:17:24.908] [Server thread/INFO] [ModernFix/]: Using enhanced recipe sync for player Hanny_0310
[26Sep2025 02:17:24.912] [Server thread/INFO] [net.minecraft.server.MinecraftServer/]: Hanny_0310 joined the game
[26Sep2025 02:17:28.062] [Server thread/INFO] [voicechat/]: [voicechat] Received secret request of Hanny_0310 (18)
[26Sep2025 02:17:28.063] [Server thread/INFO] [voicechat/]: [voicechat] Sent secret to Hanny_0310
[26Sep2025 02:17:28.601] [Server thread/INFO] [net.minecraft.server.players.PlayerList/]: SAPEXx_[/127.98.231.168:49785] logged in with entity id 2545 at (-2.800194626861084, 221.0, 6.062081815026807)
[26Sep2025 02:17:28.622] [Server thread/INFO] [ModernFix/]: Using enhanced recipe sync for player SAPEXx_
[26Sep2025 02:17:28.624] [Server thread/INFO] [net.minecraft.server.MinecraftServer/]: SAPEXx_ joined the game
[26Sep2025 02:17:29.045] [Server thread/INFO] [voicechat/]: [voicechat] Received secret request of SAPEXx_ (18)
[26Sep2025 02:17:29.045] [Server thread/INFO] [voicechat/]: [voicechat] Sent secret to SAPEXx_
[26Sep2025 02:17:47.522] [Server thread/WARN] [net.minecraft.server.level.ServerLevel/]: Tried to add entity asphyxiation:cantbreathepassive but it was marked as removed already
[26Sep2025 02:18:22.622] [Server thread/WARN] [net.minecraft.server.level.ServerLevel/]: Tried to add entity asphyxiation:cantbreathepassive but it was marked as removed already
[26Sep2025 02:18:44.585] [Server thread/INFO] [net.minecraft.server.MinecraftServer/]: SAPEXx_ has made the advancement [Frosted Prison]
[26Sep2025 02:18:50.601] [Server thread/INFO] [net.minecraft.server.MinecraftServer/]: SAPEXx_ has made the advancement [Dungeon Now Loading]
[26Sep2025 02:18:54.127] [Worker-Main-29/WARN] [ModernFix/]: Skipped emitting ENTITY_MOUNT game event for entity Spider['Spider'/3233, l='ServerLevel[world]', x=6.50, y=-53.00, z=-234.50] as it would cause deadlock
[26Sep2025 02:18:57.791] [Worker-Main-31/WARN] [ModernFix/]: Skipped emitting ENTITY_MOUNT game event for entity CaveSpider['Cave Spider'/3293, l='ServerLevel[world]', x=59.50, y=-28.00, z=-250.50] as it would cause deadlock
[26Sep2025 02:18:57.983] [Worker-Main-30/WARN] [ModernFix/]: Skipped emitting ENTITY_MOUNT game event for entity Spider['Spider'/3306, l='ServerLevel[world]', x=121.50, y=-28.00, z=-241.50] as it would cause deadlock
[26Sep2025 02:18:58.028] [Worker-Main-31/WARN] [ModernFix/]: Skipped emitting ENTITY_MOUNT game event for entity Spider['Spider'/3309, l='ServerLevel[world]', x=129.50, y=-28.00, z=-241.50] as it would cause deadlock
[26Sep2025 02:19:03.738] [Worker-Main-30/WARN] [ModernFix/]: Skipped emitting ENTITY_MOUNT game event for entity Spider['Spider'/3404, l='ServerLevel[world]', x=63.50, y=-28.00, z=-273.50] as it would cause deadlock
[26Sep2025 02:19:03.838] [Worker-Main-31/INFO] [STDOUT/]: [dev.hexnowloading.dungeonnowloading.entity.boss.ChaosSpawnerEntity:m_7380_:193]: []
[26Sep2025 02:19:08.587] [Server thread/INFO] [net.minecraft.server.MinecraftServer/]: SAPEXx_ has reached the goal [Feeling Watched]
[26Sep2025 02:19:18.969] [Worker-Main-30/WARN] [ModernFix/]: Skipped emitting ENTITY_MOUNT game event for entity CaveSpider['Cave Spider'/3520, l='ServerLevel[world]', x=-110.50, y=-53.00, z=-303.50] as it would cause deadlock
[26Sep2025 02:19:19.725] [Worker-Main-29/WARN] [ModernFix/]: Skipped emitting ENTITY_MOUNT game event for entity Spider['Spider'/3565, l='ServerLevel[world]', x=25.50, y=-28.00, z=-293.50] as it would cause deadlock
[26Sep2025 02:19:38.373] [Server thread/WARN] [net.minecraft.server.level.ServerLevel/]: Tried to add entity asphyxiation:cantbreathepassive but it was marked as removed already
[26Sep2025 02:19:38.663] [Worker-Main-31/WARN] [ModernFix/]: Skipped emitting ENTITY_MOUNT game event for entity CaveSpider['Cave Spider'/3844, l='ServerLevel[world]', x=1.50, y=-53.00, z=-333.50] as it would cause deadlock
[26Sep2025 02:19:38.705] [Worker-Main-29/WARN] [ModernFix/]: Skipped emitting ENTITY_MOUNT game event for entity Spider['Spider'/3848, l='ServerLevel[world]', x=33.50, y=-28.00, z=-331.50] as it would cause deadlock
[26Sep2025 02:19:44.502] [Worker-Main-30/WARN] [ModernFix/]: Skipped emitting ENTITY_MOUNT game event for entity Spider['Spider'/4005, l='ServerLevel[world]', x=-75.50, y=19.00, z=-345.50] as it would cause deadlock
[26Sep2025 02:19:47.767] [Worker-Main-29/WARN] [ModernFix/]: Skipped emitting ENTITY_MOUNT game event for entity CaveSpider['Cave Spider'/4069, l='ServerLevel[world]', x=110.50, y=-53.00, z=-365.50] as it would cause deadlock
[26Sep2025 02:19:47.768] [Worker-Main-29/WARN] [ModernFix/]: Skipped emitting ENTITY_MOUNT game event for entity CaveSpider['Cave Spider'/4071, l='ServerLevel[world]', x=102.50, y=-53.00, z=-365.50] as it would cause deadlock
[26Sep2025 02:19:47.793] [Worker-Main-29/WARN] [ModernFix/]: Skipped emitting ENTITY_MOUNT game event for entity CaveSpider['Cave Spider'/4073, l='ServerLevel[world]', x=41.50, y=-3.00, z=-356.50] as it would cause deadlock
[26Sep2025 02:19:47.830] [Worker-Main-31/WARN] [ModernFix/]: Skipped emitting ENTITY_MOUNT game event for entity CaveSpider['Cave Spider'/4083, l='ServerLevel[world]', x=26.50, y=22.00, z=-357.50] as it would cause deadlock
[26Sep2025 02:19:52.191] [Worker-Main-30/WARN] [ModernFix/]: Skipped emitting ENTITY_MOUNT game event for entity Spider['Spider'/4188, l='ServerLevel[world]', x=-31.50, y=-9.00, z=-377.50] as it would cause deadlock
[26Sep2025 02:19:52.298] [Worker-Main-38/WARN] [ModernFix/]: Skipped emitting ENTITY_MOUNT game event for entity Spider['Spider'/4205, l='ServerLevel[world]', x=156.50, y=-53.00, z=-383.50] as it would cause deadlock
[26Sep2025 02:19:53.674] [Server thread/WARN] [net.minecraft.server.level.ServerLevel/]: Tried to add entity asphyxiation:cantbreathepassive but it was marked as removed already
[26Sep2025 02:20:18.875] [Server thread/WARN] [net.minecraft.server.level.ServerLevel/]: Tried to add entity asphyxiation:cantbreathepassive but it was marked as removed already
[26Sep2025 02:20:30.025] [Server thread/WARN] [net.minecraft.server.level.ServerLevel/]: Tried to add entity asphyxiation:cantbreathepassive but it was marked as removed already
[26Sep2025 02:20:30.074] [Server thread/WARN] [net.minecraft.server.level.ServerLevel/]: Tried to add entity asphyxiation:cantbreathepassive but it was marked as removed already
[26Sep2025 02:20:37.339] [Server thread/INFO] [STDOUT/]: [dev.hexnowloading.dungeonnowloading.entity.boss.ChaosSpawnerEntity:m_7380_:193]: []
[26Sep2025 02:21:40.886] [Server thread/INFO] [net.minecraft.server.MinecraftServer/]: Hanny_0310 has made the advancement [Frosted Prison]
[26Sep2025 02:21:57.073] [Server thread/WARN] [net.minecraft.server.level.ServerLevel/]: Tried to add entity asphyxiation:cantbreathepassive but it was marked as removed already
[26Sep2025 02:21:57.331] [Worker-Main-29/WARN] [ModernFix/]: Skipped emitting ENTITY_MOUNT game event for entity CaveSpider['Cave Spider'/6114, l='ServerLevel[world]', x=-144.50, y=-53.00, z=-299.50] as it would cause deadlock
[26Sep2025 02:21:59.856] [Worker-Main-29/WARN] [ModernFix/]: Skipped emitting ENTITY_MOUNT game event for entity Spider['Spider'/6233, l='ServerLevel[world]', x=-144.50, y=-53.00, z=-307.50] as it would cause deadlock
[26Sep2025 02:22:00.274] [Server thread/WARN] [net.minecraft.server.level.ServerLevel/]: Tried to add entity asphyxiation:cantbreathepassive but it was marked as removed already
[26Sep2025 02:22:00.973] [Server thread/WARN] [net.minecraft.server.level.ServerLevel/]: Tried to add entity asphyxiation:cantbreathepassive but it was marked as removed already
[26Sep2025 02:22:12.538] [Server thread/INFO] [STDOUT/]: [dev.hexnowloading.dungeonnowloading.entity.boss.ChaosSpawnerEntity:m_7380_:193]: []
[26Sep2025 02:22:20.399] [Server thread/INFO] [net.minecraft.server.network.ServerGamePacketListenerImpl/]: SAPEXx_ lost connection: Disconnected
[26Sep2025 02:22:20.399] [Server thread/INFO] [net.minecraft.server.MinecraftServer/]: SAPEXx_ left the game
[26Sep2025 02:22:20.400] [Server thread/INFO] [voicechat/]: [voicechat] Disconnecting client SAPEXx_
[26Sep2025 02:22:27.909] [Worker-Main-30/WARN] [ModernFix/]: Skipped emitting ENTITY_MOUNT game event for entity CaveSpider['Cave Spider'/6756, l='ServerLevel[world]', x=-317.50, y=-28.00, z=7.50] as it would cause deadlock
[26Sep2025 02:23:46.826] [Server thread/WARN] [net.minecraft.server.level.ServerLevel/]: Tried to add entity asphyxiation:cantbreathepassive but it was marked as removed already
[26Sep2025 02:24:17.219] [Server thread/INFO] [net.minecraft.server.MinecraftServer/]: Hanny_0310 has made the advancement [Dungeon Now Loading]
[26Sep2025 02:24:25.472] [Server thread/WARN] [net.minecraft.server.level.ServerLevel/]: Tried to add entity asphyxiation:cantbreathepassive but it was marked as removed already
[26Sep2025 02:24:42.828] [Server thread/INFO] [net.minecraft.server.MinecraftServer/]: Hanny_0310 has made the advancement [Stone Age]
[26Sep2025 02:25:38.372] [Server thread/WARN] [net.minecraft.server.level.ServerLevel/]: Tried to add entity asphyxiation:cantbreathepassive but it was marked as removed already
[26Sep2025 02:25:52.015] [Server thread/INFO] [net.minecraft.server.MinecraftServer/]: Hanny_0310 has made the advancement [Getting an Upgrade]
[26Sep2025 02:26:00.472] [Server thread/WARN] [net.minecraft.server.level.ServerLevel/]: Tried to add entity asphyxiation:cantbreathepassive but it was marked as removed already
[26Sep2025 02:26:43.922] [Server thread/WARN] [net.minecraft.server.level.ServerLevel/]: Tried to add entity asphyxiation:cantbreathepassive but it was marked as removed already
[26Sep2025 02:27:05.423] [Server thread/WARN] [net.minecraft.server.level.ServerLevel/]: Tried to add entity asphyxiation:cantbreathepassive but it was marked as removed already
[26Sep2025 02:27:08.522] [Server thread/WARN] [net.minecraft.server.level.ServerLevel/]: Tried to add entity asphyxiation:cantbreathepassive but it was marked as removed already
[26Sep2025 02:27:30.148] [Server thread/INFO] [net.minecraft.server.players.PlayerList/]: SAPEXx_[/127.98.231.168:55515] logged in with entity id 8130 at (372.5476150876251, 71.0, -222.87932072179802)
[26Sep2025 02:27:30.167] [Server thread/INFO] [ModernFix/]: Using enhanced recipe sync for player SAPEXx_
[26Sep2025 02:27:30.169] [Server thread/INFO] [net.minecraft.server.MinecraftServer/]: SAPEXx_ joined the game
[26Sep2025 02:27:32.169] [Server thread/INFO] [voicechat/]: [voicechat] Received secret request of SAPEXx_ (18)
[26Sep2025 02:27:32.172] [Server thread/INFO] [voicechat/]: [voicechat] Sent secret to SAPEXx_
[26Sep2025 02:27:43.023] [Server thread/WARN] [net.minecraft.server.level.ServerLevel/]: Tried to add entity asphyxiation:cantbreathepassive but it was marked as removed already
[26Sep2025 02:28:28.648] [Server thread/INFO] [net.minecraft.server.players.PlayerList/]: martius111[/127.249.42.87:35927] logged in with entity id 9037 at (10.5, 79.0, -9.5)
[26Sep2025 02:28:28.667] [Server thread/INFO] [ModernFix/]: Using enhanced recipe sync for player martius111
[26Sep2025 02:28:28.671] [Server thread/INFO] [net.minecraft.server.MinecraftServer/]: martius111 joined the game
[26Sep2025 02:28:31.466] [Server thread/INFO] [voicechat/]: [voicechat] Received secret request of martius111 (18)
[26Sep2025 02:28:31.466] [Server thread/INFO] [voicechat/]: [voicechat] Sent secret to martius111
[26Sep2025 02:28:32.828] [Worker-Main-30/WARN] [ModernFix/]: Skipped emitting ENTITY_MOUNT game event for entity Spider['Spider'/9159, l='ServerLevel[world]', x=-136.50, y=22.00, z=-367.50] as it would cause deadlock
[26Sep2025 02:28:37.684] [Worker-Main-30/WARN] [ModernFix/]: Skipped emitting ENTITY_MOUNT game event for entity Spider['Spider'/9235, l='ServerLevel[world]', x=-91.50, y=-3.00, z=-368.50] as it would cause deadlock
[26Sep2025 02:28:37.765] [Worker-Main-29/WARN] [ModernFix/]: Skipped emitting ENTITY_MOUNT game event for entity Spider['Spider'/9239, l='ServerLevel[world]', x=-141.50, y=-3.00, z=-375.50] as it would cause deadlock
[26Sep2025 02:28:37.769] [Worker-Main-29/WARN] [ModernFix/]: Skipped emitting ENTITY_MOUNT game event for entity Spider['Spider'/9241, l='ServerLevel[world]', x=-136.50, y=22.00, z=-375.50] as it would cause deadlock
[26Sep2025 02:28:41.117] [Server thread/INFO] [STDOUT/]: [dev.hexnowloading.dungeonnowloading.entity.boss.ChaosSpawnerEntity:m_7380_:193]: []
[26Sep2025 02:28:50.128] [Server thread/WARN] [net.minecraft.server.level.ServerLevel/]: Tried to add entity asphyxiation:cantbreathepassive but it was marked as removed already
[26Sep2025 02:28:50.176] [Server thread/WARN] [net.minecraft.server.level.ServerLevel/]: Tried to add entity asphyxiation:cantbreathepassive but it was marked as removed already
[26Sep2025 02:29:03.973] [Server thread/WARN] [net.minecraft.server.level.ServerLevel/]: Tried to add entity asphyxiation:cantbreathepassive but it was marked as removed already
[26Sep2025 02:29:08.141] [Server thread/INFO] [STDOUT/]: [dev.hexnowloading.dungeonnowloading.entity.boss.ChaosSpawnerEntity:m_7380_:193]: []
[26Sep2025 02:29:20.540] [Server thread/INFO] [net.minecraft.world.entity.npc.Villager/]: Villager Villager['Fisherman'/1183, l='ServerLevel[world]', x=170.40, y=77.00, z=163.37] died, message: 'Fisherman was slain by Draugr'
[26Sep2025 02:29:26.187] [Server thread/INFO] [net.minecraft.world.entity.npc.Villager/]: Villager Villager['Fisherman'/1185, l='ServerLevel[world]', x=167.31, y=82.00, z=170.09] died, message: 'Fisherman was slain by Draugr'
[26Sep2025 02:30:15.541] [Server thread/INFO] [net.minecraft.server.MinecraftServer/]: SAPEXx_ has made the advancement [Stone Age]
[26Sep2025 02:30:22.701] [Server thread/INFO] [net.minecraft.server.MinecraftServer/]: martius111 has made the advancement [Dungeon Now Loading]
[26Sep2025 02:30:30.095] [Server thread/WARN] [tombstone/]: The death event of the player SAPEXx_ was canceled by another mod
[26Sep2025 02:30:30.100] [Server thread/INFO] [tombstone/]: The player SAPEXx_ has successfully been saved
[26Sep2025 02:30:43.689] [Server thread/INFO] [net.minecraft.server.MinecraftServer/]: martius111 has made the advancement [Stone Age]
[26Sep2025 02:30:59.623] [Server thread/INFO] [net.minecraft.server.MinecraftServer/]: SAPEXx_ was slain by Man From The Fog
[26Sep2025 02:30:59.632] [Server thread/INFO] [net.minecraft.server.MinecraftServer/]: SAPEXx_ has made the advancement [Your First Grave]
[26Sep2025 02:31:02.454] [Server thread/INFO] [STDOUT/]: [forge.net.jason13.automessage.event.ModEvents:onPlayerCloned:19]: onPlayerCloned
[26Sep2025 02:31:02.454] [Server thread/INFO] [STDOUT/]: [forge.net.jason13.automessage.event.ModEvents:onPlayerCloned:23]: isWasDeath
[26Sep2025 02:31:02.454] [Server thread/INFO] [STDOUT/]: [forge.net.jason13.automessage.event.ModEvents:lambda$onPlayerCloned$1:36]: ifPresent1
[26Sep2025 02:31:02.455] [Server thread/INFO] [STDOUT/]: [forge.net.jason13.automessage.event.ModEvents:lambda$onPlayerCloned$0:41]: ifPresent2
[26Sep2025 02:31:11.972] [Server thread/WARN] [net.minecraft.server.level.ServerLevel/]: Tried to add entity asphyxiation:cantbreathepassive but it was marked as removed already
[26Sep2025 02:31:14.767] [Server thread/INFO] [net.minecraft.server.MinecraftServer/]: SAPEXx_ has reached the goal [Here They Come]
[26Sep2025 02:31:31.930] [Server thread/WARN] [tombstone/]: The death event of the player Hanny_0310 was canceled by another mod
[26Sep2025 02:31:31.931] [Server thread/INFO] [tombstone/]: The player Hanny_0310 has successfully been saved
[26Sep2025 02:32:22.930] [Server thread/INFO] [net.minecraft.server.network.ServerGamePacketListenerImpl/]: martius111 lost connection: Disconnected
[26Sep2025 02:32:22.930] [Server thread/INFO] [net.minecraft.server.MinecraftServer/]: martius111 left the game
[26Sep2025 02:32:22.931] [Server thread/INFO] [voicechat/]: [voicechat] Disconnecting client martius111
[26Sep2025 02:32:30.290] [Server thread/INFO] [net.minecraft.server.players.PlayerList/]: martius111[/127.249.42.87:41479] logged in with entity id 11369 at (3.3938045001135437, 70.0, 6.699999988079071)
[26Sep2025 02:32:30.308] [Server thread/INFO] [ModernFix/]: Using enhanced recipe sync for player martius111
[26Sep2025 02:32:30.310] [Server thread/INFO] [net.minecraft.server.MinecraftServer/]: martius111 joined the game
[26Sep2025 02:32:30.604] [Server thread/INFO] [voicechat/]: [voicechat] Received secret request of martius111 (18)
[26Sep2025 02:32:30.605] [Server thread/INFO] [voicechat/]: [voicechat] Sent secret to martius111
[26Sep2025 02:32:36.429] [Server thread/INFO] [net.minecraft.server.MinecraftServer/]: SAPEXx_ has made the advancement [Getting an Upgrade]
[26Sep2025 02:33:17.470] [Server thread/INFO] [net.minecraft.server.MinecraftServer/]: martius111 has made the advancement [Getting an Upgrade]
[26Sep2025 02:33:40.288] [Server thread/INFO] [net.minecraft.server.MinecraftServer/]: Hanny_0310 has made the advancement [Monster Hunter]
[26Sep2025 02:33:42.172] [Server thread/WARN] [net.minecraft.server.level.ServerLevel/]: Tried to add entity asphyxiation:cantbreathepassive but it was marked as removed already
[26Sep2025 02:33:47.284] [Server thread/INFO] [net.minecraft.server.MinecraftServer/]: martius111 has made the advancement [Frosted Prison]
[26Sep2025 02:34:49.620] [Server thread/INFO] [net.minecraft.server.MinecraftServer/]: SAPEXx_ has made the advancement [Monster Hunter]
[26Sep2025 02:35:38.734] [Server thread/INFO] [net.minecraft.server.MinecraftServer/]: SAPEXx_ has made the advancement [Sweet Dreams]
[26Sep2025 02:35:38.983] [Server thread/INFO] [net.minecraft.server.MinecraftServer/]: Hanny_0310 has made the advancement [Sweet Dreams]
[26Sep2025 02:35:39.847] [Server thread/INFO] [net.minecraft.server.MinecraftServer/]: martius111 has made the advancement [Sweet Dreams]
[26Sep2025 02:36:32.833] [Server thread/INFO] [net.minecraft.server.MinecraftServer/]: martius111 has reached the goal [Quaint Scribe]
[26Sep2025 02:37:47.128] [Server thread/WARN] [net.minecraft.server.level.ServerLevel/]: Tried to add entity asphyxiation:cantbreathepassive but it was marked as removed already
[26Sep2025 02:37:49.187] [Server thread/WARN] [tombstone/]: The death event of the player SAPEXx_ was canceled by another mod
[26Sep2025 02:37:49.191] [Server thread/INFO] [tombstone/]: The player SAPEXx_ has successfully been saved
[26Sep2025 02:37:55.883] [Server thread/WARN] [tombstone/]: The death event of the player Hanny_0310 was canceled by another mod
[26Sep2025 02:37:55.886] [Server thread/INFO] [tombstone/]: The player Hanny_0310 has successfully been saved
